file_path,style,style_id
/Users/hp/wikiart/Color_Field_Painting/mario-cesariny_sem-t-tulo-2001.jpg,Color Field Painting,6
/Users/hp/wikiart/Post_Impressionism/vincent-van-gogh_the-gully-peiroulets-1889.jpg,Post Impressionism,21
/Users/hp/wikiart/Fauvism/august-macke_turkish-cafe-i.jpg,Fauvism,11
/Users/hp/wikiart/Contemporary_Realism/john-miller_calangute-beach.jpg,Contemporary Realism,7
/Users/hp/wikiart/Realism/guntis-strupulis_a-k-avi-a-portrets.jpg,Realism,22
/Users/hp/wikiart/Naive_Art_Primitivism/niko-pirosmani_antlered-deer.jpg,Naive Art Primitivism,16
/Users/hp/wikiart/Contemporary_Realism/neil-welliver_study-for-little-spruce.jpg,Contemporary Realism,7
/Users/hp/wikiart/Naive_Art_Primitivism/grandma-moses_a-blizzard-1956.jpg,Naive Art Primitivism,16
/Users/hp/wikiart/Fauvism/william-h.-johnson_art-class-three-men-1939.jpg,Fauvism,11
/Users/hp/wikiart/Action_painting/franz-kline_four-square-1956.jpg,Action painting,2
/Users/hp/wikiart/Early_Renaissance/jacopo-bellini_nativity.jpg,Early Renaissance,9
/Users/hp/wikiart/Ukiyo_e/utagawa-kuniyoshi_stingrays.jpg,Ukiyo e,27
/Users/hp/wikiart/Pointillism/georges-seurat_the-watering-can-1883.jpg,Pointillism,19
/Users/hp/wikiart/High_Renaissance/andrea-solario_salome-with-the-head-of-john-the-baptist-1520.jpg,High Renaissance,12
/Users/hp/wikiart/Symbolism/koloman-moser_mountain-slope.jpg,Symbolism,25
/Users/hp/wikiart/Abstract_Expressionism/jay-defeo_the-ver-nica-1957.jpg,Abstract Expressionism,1
/Users/hp/wikiart/Color_Field_Painting/mark-rothko_violet-black-orange-yellow-on-white-and-red.jpg,Color Field Painting,6
/Users/hp/wikiart/Analytical_Cubism/georges-braque_violin-and-palette-1909.jpg,Analytical Cubism,3
/Users/hp/wikiart/High_Renaissance/lorenzo-lotto_st-christopher-1531.jpg,High Renaissance,12
/Users/hp/wikiart/Post_Impressionism/charles-cottet_old-woman-of-brittany.jpg,Post Impressionism,21
/Users/hp/wikiart/Action_painting/hans-hofmann_the-wind-1942.jpg,Action painting,2
/Users/hp/wikiart/Abstract_Expressionism/joan-mitchell_minnesota-1980.jpg,Abstract Expressionism,1
/Users/hp/wikiart/Cubism/oscar-dominguez_composici-n-con-fondo-azul-1949.jpg,Cubism,8
/Users/hp/wikiart/Realism/giovanni-boldini_emiliana-concha-de-ossa-1901.jpg,Realism,22
/Users/hp/wikiart/Post_Impressionism/alekos-kontopoulos_chair.jpg,Post Impressionism,21
/Users/hp/wikiart/Impressionism/camille-pissarro_the-dunes-at-knocke-belgium-1902.jpg,Impressionism,13
/Users/hp/wikiart/Cubism/corneliu-michailescu_harlequins.jpg,Cubism,8
/Users/hp/wikiart/Contemporary_Realism/jamie-wyeth_lighthouse-dandelions.jpg,Contemporary Realism,7
/Users/hp/wikiart/Post_Impressionism/maxime-maufra_saint-michel-s-church-1916.jpg,Post Impressionism,21
/Users/hp/wikiart/Northern_Renaissance/albrecht-durer_madonna-as-nursing-mother-and-divine-being-1511.jpg,Northern Renaissance,18
/Users/hp/wikiart/Post_Impressionism/dumitru-ghiatza_landscape-from-balcic-1929.jpg,Post Impressionism,21
/Users/hp/wikiart/Cubism/pablo-picasso_buste-of-young-woman-marie-therese-walter-1926.jpg,Cubism,8
/Users/hp/wikiart/Post_Impressionism/pyotr-konchalovsky_painting-for-children-1930.jpg,Post Impressionism,21
/Users/hp/wikiart/Cubism/andre-derain_landscape-1907.jpg,Cubism,8
/Users/hp/wikiart/Baroque/pieter-de-hooch_happy-drinker.jpg,Baroque,5
/Users/hp/wikiart/Action_painting/norman-bluhm_untitled-1957.jpg,Action painting,2
/Users/hp/wikiart/Color_Field_Painting/morris-louis_janus-1960.jpg,Color Field Painting,6
/Users/hp/wikiart/Art_Nouveau_Modern/felix-vallotton_portrait-of-french-writer-auguste-villiers-de-l-isle-adam-1898.jpg,Art Nouveau Modern,4
/Users/hp/wikiart/Northern_Renaissance/jean-fouquet_marriage-of-charles-iv-and-marie-of-luxembourg.jpg,Northern Renaissance,18
/Users/hp/wikiart/Pointillism/paul-signac_view-of-the-port-of-marseilles.jpg,Pointillism,19
/Users/hp/wikiart/Realism/ivan-kramskoy_portrait-of-leo-tolstoy-1873.jpg,Realism,22
/Users/hp/wikiart/Action_painting/jackson-pollock_autumn-rhythm-number-30-1950.jpg,Action painting,2
/Users/hp/wikiart/Color_Field_Painting/gene-davis_blue-broad-jump-1960(1).jpg,Color Field Painting,6
/Users/hp/wikiart/Art_Nouveau_Modern/nicholas-roerich_girls.jpg,Art Nouveau Modern,4
/Users/hp/wikiart/Pointillism/henri-edmond-cross_the-pink-cloud.jpg,Pointillism,19
/Users/hp/wikiart/Abstract_Expressionism/helen-frankenthaler_eve-1995.jpg,Abstract Expressionism,1
/Users/hp/wikiart/Pointillism/paul-signac_concarneau-opus-221-adagio-1891.jpg,Pointillism,19
/Users/hp/wikiart/High_Renaissance/andrea-del-sarto_the-miracle-of-the-relics-of-san-filippo-from-the-life-of-san-filippo-benizzi.jpg,High Renaissance,12
/Users/hp/wikiart/Pointillism/henri-edmond-cross_bathers.jpg,Pointillism,19
/Users/hp/wikiart/Synthetic_Cubism/pablo-picasso_head-of-a-man-with-hat-1912.jpg,Synthetic Cubism,26
/Users/hp/wikiart/Art_Nouveau_Modern/edmund-dulac_the-snow-queen-flies-through-the-winter-s-night.jpg,Art Nouveau Modern,4
/Users/hp/wikiart/Northern_Renaissance/albrecht-durer_kneeling-apostle.jpg,Northern Renaissance,18
/Users/hp/wikiart/Baroque/diego-velazquez_portrait-of-the-buffoon-redbeard-cristobal-de-castaneda-1640.jpg,Baroque,5
/Users/hp/wikiart/Pointillism/henri-edmond-cross_woded-landscape.jpg,Pointillism,19
/Users/hp/wikiart/Impressionism/childe-hassam_still-life-fruits-1.jpg,Impressionism,13
/Users/hp/wikiart/Analytical_Cubism/pablo-picasso_the-piano-accordionist-1911.jpg,Analytical Cubism,3
/Users/hp/wikiart/Color_Field_Painting/gene-davis_meandering-1979.jpg,Color Field Painting,6
/Users/hp/wikiart/Minimalism/fred-sandback_untitled-1969.jpg,Minimalism,15
/Users/hp/wikiart/Minimalism/fred-sandback_untitled-leaning-vertical-construction-1974.jpg,Minimalism,15
/Users/hp/wikiart/Ukiyo_e/utagawa-kuniyoshi_oniwakamaru-about-to-kill-the-giant-carp.jpg,Ukiyo e,27
/Users/hp/wikiart/Northern_Renaissance/pieter-bruegel-the-elder_big-fishes-eat-small-fishes-1556.jpg,Northern Renaissance,18
/Users/hp/wikiart/Early_Renaissance/sandro-botticelli_portrait-of-a-young-woman-1(1).jpg,Early Renaissance,9
/Users/hp/wikiart/Post_Impressionism/pyotr-konchalovsky_still-life-parma-violets-1933.jpg,Post Impressionism,21
/Users/hp/wikiart/Cubism/henri-matisse_woman-at-the-fountain-1917.jpg,Cubism,8
/Users/hp/wikiart/Baroque/jacob-jordaens_return-of-the-holy-family-from-egypt.jpg,Baroque,5
/Users/hp/wikiart/Art_Nouveau_Modern/boris-kustodiev_portrait-of-natalia-orshanskaya-1925.jpg,Art Nouveau Modern,4
/Users/hp/wikiart/Minimalism/david-batchelor_hackney-road-drawing-2004.jpg,Minimalism,15
/Users/hp/wikiart/Post_Impressionism/vincent-van-gogh_the-mill-of-alphonse-daudet-at-fontevieille-1888.jpg,Post Impressionism,21
/Users/hp/wikiart/Symbolism/nicholas-roerich_pass-tangla.jpg,Symbolism,25
/Users/hp/wikiart/Action_painting/jackson-pollock_number-13a-arabesque-1948.jpg,Action painting,2
/Users/hp/wikiart/Rococo/giovanni-domenico-tiepolo_david-and-the-children-of-israel.jpg,Rococo,23
/Users/hp/wikiart/Pointillism/georges-seurat_farm-women-at-work-1883.jpg,Pointillism,19
/Users/hp/wikiart/High_Renaissance/leonardo-da-vinci_studies-of-crabs.jpg,High Renaissance,12
/Users/hp/wikiart/Northern_Renaissance/joachim-patinir_miracle-of-st-catherine.jpg,Northern Renaissance,18
/Users/hp/wikiart/Abstract_Expressionism/helen-frankenthaler_aerie-2009.jpg,Abstract Expressionism,1
/Users/hp/wikiart/Impressionism/alfred-sisley_bank-in-the-autumn-1879.jpg,Impressionism,13
/Users/hp/wikiart/Baroque/osias-beert_still-life-with-cherries-and-strawberries-in-china-bowls-1608.jpg,Baroque,5
/Users/hp/wikiart/New_Realism/john-french-sloan_colored-girl-with-gold-and-silver.jpg,New Realism,17
/Users/hp/wikiart/Realism/odilon-redon_small-bouquet-in-a-pitcher.jpg,Realism,22
/Users/hp/wikiart/Pointillism/theo-van-rysselberghe_portrait-of-a-woman-in-black.jpg,Pointillism,19
/Users/hp/wikiart/Expressionism/paul-klee_the-vase-1938(1).jpg,Expressionism,10
/Users/hp/wikiart/Expressionism/nikolaos-lytras_child.jpg,Expressionism,10
/Users/hp/wikiart/Color_Field_Painting/clyfford-still_ph-1033-1976.jpg,Color Field Painting,6
/Users/hp/wikiart/Realism/isaac-levitan_autumn-1896-1.jpg,Realism,22
/Users/hp/wikiart/Fauvism/mary-fedden_fruit2009.jpg,Fauvism,11
/Users/hp/wikiart/Early_Renaissance/piero-della-francesca_st-andrew-and-st-bernardino.jpg,Early Renaissance,9
/Users/hp/wikiart/Naive_Art_Primitivism/constantin-piliuta_illustration-for-tudor-arghezi-s-good-morning-springtime.jpg,Naive Art Primitivism,16
/Users/hp/wikiart/Post_Impressionism/maurice-utrillo_the-maquis-of-montmartre-under-the-snow.jpg,Post Impressionism,21
/Users/hp/wikiart/New_Realism/edward-hopper_two-comedians.jpg,New Realism,17
/Users/hp/wikiart/Realism/david-burliuk_marusia.jpg,Realism,22
/Users/hp/wikiart/Synthetic_Cubism/juan-gris_still-life-with-bottle-and-glass-1914.jpg,Synthetic Cubism,26
/Users/hp/wikiart/Fauvism/pyotr-konchalovsky_still-life-with-peonies-in-a-vase.jpg,Fauvism,11
/Users/hp/wikiart/Early_Renaissance/jacopo-bellini_unknown(4).jpg,Early Renaissance,9
/Users/hp/wikiart/Symbolism/john-atkinson-grimshaw_endymion-on-mount-latmus-1879.jpg,Symbolism,25
/Users/hp/wikiart/Rococo/maurice-quentin-de-la-tour_study-of-a-young-man.jpg,Rococo,23
/Users/hp/wikiart/Minimalism/ruth-vollmer_in-relation-three-to-four-1968.jpg,Minimalism,15
/Users/hp/wikiart/Post_Impressionism/pyotr-konchalovsky_chest-and-pottery-1919.jpg,Post Impressionism,21
/Users/hp/wikiart/Expressionism/billy-childish_billy-and-traci-2001.jpg,Expressionism,10
/Users/hp/wikiart/Early_Renaissance/sandro-botticelli_madonna-and-child-with-six-saints(1).jpg,Early Renaissance,9
/Users/hp/wikiart/Early_Renaissance/antonello-da-messina_portrait-of-a-young-man-1478.jpg,Early Renaissance,9
/Users/hp/wikiart/Mannerism_Late_Renaissance/tintoretto_ecce-homo-pontius-pilate-presenting-christ-to-the-crowd-1547.jpg,Mannerism Late Renaissance,14
/Users/hp/wikiart/Impressionism/winston-churchill_scenery-in-southern-france(1).jpg,Impressionism,13
/Users/hp/wikiart/Naive_Art_Primitivism/david-burliuk_don-quixote-and-sancho-panza.jpg,Naive Art Primitivism,16
/Users/hp/wikiart/Minimalism/robert-mangold_split-ring-image-1-2009.jpg,Minimalism,15
/Users/hp/wikiart/Realism/vasily-vereshchagin_evening-on-the-lake-one-of-the-pavilions-on-the-marble-promenade-in-radzhnagar-principality-of-1874.jpg,Realism,22
/Users/hp/wikiart/New_Realism/john-french-sloan_sunlit-peak-santa-fe-canyon-1920.jpg,New Realism,17
/Users/hp/wikiart/Ukiyo_e/utagawa-kuniyoshi_rape-scene.jpg,Ukiyo e,27
/Users/hp/wikiart/High_Renaissance/lorenzo-lotto_the-story-of-st-barbara-and-st-alvise-1524.jpg,High Renaissance,12
/Users/hp/wikiart/Art_Nouveau_Modern/ivan-bilibin_illustration-for-the-russian-fairy-story-the-frog-princess-1901(1).jpg,Art Nouveau Modern,4
/Users/hp/wikiart/Baroque/peter-paul-rubens_study-for-an-equestrian-portrait-of-the-duke-of-lerma-1603.jpg,Baroque,5
/Users/hp/wikiart/High_Renaissance/lorenzo-lotto_altar-polyptych-of-san-bartolomeo-bergamo-main-panel-enthroned-madonna-with-angels-and-saints-1516.jpg,High Renaissance,12
/Users/hp/wikiart/Action_painting/franz-kline_palladio-1961.jpg,Action painting,2
/Users/hp/wikiart/Romanticism/edwin-henry-landseer_isaac-van-amburgh-and-his-animals.jpg,Romanticism,24
/Users/hp/wikiart/Naive_Art_Primitivism/marc-chagall_moses-receiving-the-tablets-of-law-3.jpg,Naive Art Primitivism,16
/Users/hp/wikiart/Cubism/marevna-(marie-vorobieff)_not-identified-1.jpg,Cubism,8
/Users/hp/wikiart/Contemporary_Realism/jamie-wyeth_twins-1990.jpg,Contemporary Realism,7
/Users/hp/wikiart/Baroque/rembrandt_an-old-man-seen-from-behind-1631.jpg,Baroque,5
/Users/hp/wikiart/Pointillism/camille-pissarro_apple-picking-at-eragny-sur-epte-1888.jpg,Pointillism,19
/Users/hp/wikiart/High_Renaissance/andrea-del-sarto_the-annunciation-1513.jpg,High Renaissance,12
/Users/hp/wikiart/Pointillism/theo-van-rysselberghe_levant-isle.jpg,Pointillism,19
/Users/hp/wikiart/Northern_Renaissance/albrecht-durer_the-holy-georg.jpg,Northern Renaissance,18
/Users/hp/wikiart/Realism/vasily-perov_pigeon-fancier-1874.jpg,Realism,22
/Users/hp/wikiart/Action_painting/jackson-pollock_number-4-1951.jpg,Action painting,2
/Users/hp/wikiart/Early_Renaissance/jacopo-bellini_view-of-a-fortification-of-jerusalem(1).jpg,Early Renaissance,9
/Users/hp/wikiart/Symbolism/konstantin-somov_before-sunset-1900.jpg,Symbolism,25
/Users/hp/wikiart/Baroque/bartolome-esteban-murillo_the-holy-family-with-the-infant-st-john-the-baptist-1670.jpg,Baroque,5
/Users/hp/wikiart/Mannerism_Late_Renaissance/paolo-veronese_venetia-between-justitia-and-pax-1577.jpg,Mannerism Late Renaissance,14
/Users/hp/wikiart/Abstract_Expressionism/cy-twombly_coronation-of-sesostris.jpg,Abstract Expressionism,1
/Users/hp/wikiart/Mannerism_Late_Renaissance/titian_st-john-the-almsgiver-1550.jpg,Mannerism Late Renaissance,14
/Users/hp/wikiart/Contemporary_Realism/john-miller_paraportian-i.jpg,Contemporary Realism,7
/Users/hp/wikiart/Minimalism/blinky-palermo_butterfly-ii-1969.jpg,Minimalism,15
/Users/hp/wikiart/High_Renaissance/andrea-mantegna_the-holy-family-with-saint-mary-magdalen-1500.jpg,High Renaissance,12
/Users/hp/wikiart/New_Realism/john-french-sloan_street-lilacs-noon-sun-1918.jpg,New Realism,17
/Users/hp/wikiart/Minimalism/imi-knoebel_untitled-1988.jpg,Minimalism,15
/Users/hp/wikiart/Early_Renaissance/sandro-botticelli_three-angels-1480(1).jpg,Early Renaissance,9
/Users/hp/wikiart/Mannerism_Late_Renaissance/andrea-del-sarto_holy-family-borgherini.jpg,Mannerism Late Renaissance,14
/Users/hp/wikiart/Naive_Art_Primitivism/henri-rousseau_the-dam-1893.jpg,Naive Art Primitivism,16
/Users/hp/wikiart/Northern_Renaissance/albrecht-durer_garment-studies.jpg,Northern Renaissance,18
/Users/hp/wikiart/Contemporary_Realism/janet-fish_monkey-business-2005.jpg,Contemporary Realism,7
/Users/hp/wikiart/Baroque/bartolome-esteban-murillo_portrait-of-nicolas-omasur-1672.jpg,Baroque,5
/Users/hp/wikiart/Romanticism/victor-meirelles_a-primeira-missa-no-brasil-1861.jpg,Romanticism,24
/Users/hp/wikiart/Action_painting/jackson-pollock_blue-poles-number-11-1.jpg,Action painting,2
/Users/hp/wikiart/Rococo/giovanni-battista-tiepolo_carrying-the-cross.jpg,Rococo,23
/Users/hp/wikiart/Expressionism/martiros-saryan_october-in-yerevan-1961.jpg,Expressionism,10
/Users/hp/wikiart/Cubism/arshile-gorky_mechanics-of-flying.jpg,Cubism,8
/Users/hp/wikiart/Expressionism/amedeo-modigliani_portrait-of-blaise-cendrars-1917.jpg,Expressionism,10
/Users/hp/wikiart/Synthetic_Cubism/pablo-picasso_violin.jpg,Synthetic Cubism,26
/Users/hp/wikiart/Symbolism/albert-bloch_jordan-1946.jpg,Symbolism,25
/Users/hp/wikiart/New_Realism/john-french-sloan_evening-arroyo.jpg,New Realism,17
/Users/hp/wikiart/Naive_Art_Primitivism/niko-pirosmani_eagle-with-hare.jpg,Naive Art Primitivism,16
/Users/hp/wikiart/Fauvism/ilya-mashkov_landscape-with-towers-1911.jpg,Fauvism,11
/Users/hp/wikiart/Realism/aleksey-savrasov_fire-in-woods-1883.jpg,Realism,22
/Users/hp/wikiart/Fauvism/george-mavroides_back-again-1954.jpg,Fauvism,11
/Users/hp/wikiart/Pointillism/henri-matisse_notre-dame.jpg,Pointillism,19
/Users/hp/wikiart/New_Realism/edward-hopper_night-windows.jpg,New Realism,17
/Users/hp/wikiart/Synthetic_Cubism/juan-gris_the-violin-1916.jpg,Synthetic Cubism,26
/Users/hp/wikiart/Art_Nouveau_Modern/ivan-bilibin_illustration-for-the-tale-of-igor-s-campaign(1).jpg,Art Nouveau Modern,4
/Users/hp/wikiart/Baroque/guido-reni_assumption-1600.jpg,Baroque,5
/Users/hp/wikiart/Color_Field_Painting/frank-stella_untitled-black-and-orange-1958.jpg,Color Field Painting,6
/Users/hp/wikiart/Pointillism/georges-seurat_edge-of-wood-springtime-1883.jpg,Pointillism,19
/Users/hp/wikiart/Post_Impressionism/edouard-cortes_triumphal-arch-6.jpg,Post Impressionism,21
/Users/hp/wikiart/Realism/john-singer-sargent_polly-barnard-also-known-as-study-for-carnation-lily-lily-rose.jpg,Realism,22
/Users/hp/wikiart/Synthetic_Cubism/pablo-picasso_head-1913.jpg,Synthetic Cubism,26
/Users/hp/wikiart/Northern_Renaissance/albrecht-durer_madonna-and-child-on-the-grassy-bank-1.jpg,Northern Renaissance,18
/Users/hp/wikiart/Pointillism/jean-metzinger_the-seashore-1905.jpg,Pointillism,19
/Users/hp/wikiart/Color_Field_Painting/michel-carrade_unknown-title-2.jpg,Color Field Painting,6
/Users/hp/wikiart/New_Realism/john-french-sloan_nude.jpg,New Realism,17
/Users/hp/wikiart/Rococo/louise-elisabeth-vigee-le-brun_the-grand-duchesse-anna-feodorovna-1796.jpg,Rococo,23
/Users/hp/wikiart/Impressionism/camille-pissarro_grey-day-banks-of-the-oise-1878.jpg,Impressionism,13
/Users/hp/wikiart/Rococo/william-hogarth_the-reward-of-cruelty-1751.jpg,Rococo,23
/Users/hp/wikiart/Action_painting/franz-kline_zinc-yellow-1959.jpg,Action painting,2
/Users/hp/wikiart/Mannerism_Late_Renaissance/titian_st-dominic.jpg,Mannerism Late Renaissance,14
/Users/hp/wikiart/Synthetic_Cubism/georges-braque_the-musician-s-table-1913.jpg,Synthetic Cubism,26
/Users/hp/wikiart/High_Renaissance/michelangelo_sistine-chapel-ceiling-cumaean-sibyl-1510.jpg,High Renaissance,12
/Users/hp/wikiart/Symbolism/mikalojus-ciurlionis_village-under-the-snow-1908.jpg,Symbolism,25
/Users/hp/wikiart/High_Renaissance/leonardo-da-vinci_study-for-the-burlington-house-cartoon-the-virgin-and-child-with-st-anne-and-st-john-the-1.jpg,High Renaissance,12
/Users/hp/wikiart/Rococo/william-hogarth_the-times.jpg,Rococo,23
/Users/hp/wikiart/Action_painting/henri-michaux_untitled-1.jpg,Action painting,2
/Users/hp/wikiart/Analytical_Cubism/pablo-picasso_man-with-a-guitar-1911.jpg,Analytical Cubism,3
/Users/hp/wikiart/Synthetic_Cubism/juan-gris_the-bottle-of-banyuls-1914-1.jpg,Synthetic Cubism,26
/Users/hp/wikiart/Pop_Art/billy-apple_neon-signature-red-1967.jpg,Pop Art,20
/Users/hp/wikiart/Contemporary_Realism/eric-fischl_untitled.jpg,Contemporary Realism,7
/Users/hp/wikiart/Pointillism/henri-edmond-cross_the-mediterranean-coast.jpg,Pointillism,19
/Users/hp/wikiart/Ukiyo_e/katsushika-hokusai_hibiscus-and-sparrow.jpg,Ukiyo e,27
/Users/hp/wikiart/Impressionism/claude-monet_lighthouse-at-the-hospice.jpg,Impressionism,13
/Users/hp/wikiart/Synthetic_Cubism/georges-braque_violin-and-sheet-music-on-a-table-petit-oiseau-1913.jpg,Synthetic Cubism,26
/Users/hp/wikiart/Northern_Renaissance/rogier-van-der-weyden_lamentation-1.jpg,Northern Renaissance,18
/Users/hp/wikiart/Northern_Renaissance/jan-van-eyck_portrait-of-a-man-with-carnation.jpg,Northern Renaissance,18
/Users/hp/wikiart/Analytical_Cubism/albert-gleizes_woman-with-animals-1914.jpg,Analytical Cubism,3
/Users/hp/wikiart/Fauvism/august-macke_gartentor.jpg,Fauvism,11
/Users/hp/wikiart/Rococo/george-morland_guinea-pigs-1792.jpg,Rococo,23
/Users/hp/wikiart/Post_Impressionism/henri-matisse_greta-moll-1908.jpg,Post Impressionism,21
/Users/hp/wikiart/Symbolism/john-atkinson-grimshaw_dido.jpg,Symbolism,25
/Users/hp/wikiart/Rococo/louise-elisabeth-vigee-le-brun_hyacinthe-gabrielle-roland-1791.jpg,Rococo,23
/Users/hp/wikiart/Early_Renaissance/filippo-lippi_coronation-of-the-virgin-detail-1447.jpg,Early Renaissance,9
/Users/hp/wikiart/Romanticism/francesco-hayez_portrait-of-familie-stampa-di-soncino.jpg,Romanticism,24
/Users/hp/wikiart/Art_Nouveau_Modern/alexandre-benois_petrushka-poster-scetch(2).jpg,Art Nouveau Modern,4
/Users/hp/wikiart/Cubism/juan-gris_the-blue-cloth-1925.jpg,Cubism,8
/Users/hp/wikiart/Romanticism/n.c.-wyeth_when-sir-percival-came-nigh-unto-the-brim.jpg,Romanticism,24
/Users/hp/wikiart/Romanticism/orest-kiprensky_portrait-ivan-dmitrevsky-1814.jpg,Romanticism,24
/Users/hp/wikiart/Realism/thomas-eakins_chronophotography-1885.jpg,Realism,22
/Users/hp/wikiart/Ukiyo_e/kitagawa-utamaro_not_detected_233126.jpg,Ukiyo e,27
/Users/hp/wikiart/Ukiyo_e/kitagawa-utamaro_middle-class-mother-and-daughter.jpg,Ukiyo e,27
/Users/hp/wikiart/New_Realism/william-james-glackens_hammerstein-s-roof-garden.jpg,New Realism,17
/Users/hp/wikiart/Abstract_Expressionism/paul-jenkins_side-of-st-george.jpg,Abstract Expressionism,1
/Users/hp/wikiart/Pop_Art/martial-raysse_high-voltage-painting-1965.jpg,Pop Art,20
/Users/hp/wikiart/Mannerism_Late_Renaissance/paolo-veronese_portrait-of-daniele-barbaro-1570.jpg,Mannerism Late Renaissance,14
/Users/hp/wikiart/Baroque/frans-snyders_pythagoras-advocating-vegetarianism.jpg,Baroque,5
/Users/hp/wikiart/Realism/henri-fantin-latour_roses-in-a-glass-vase.jpg,Realism,22
/Users/hp/wikiart/Abstract_Expressionism/sam-francis_falling-star-l-l249-1981.jpg,Abstract Expressionism,1
/Users/hp/wikiart/Cubism/eduardo-viana_as-tr-s-ab-boras.jpg,Cubism,8
/Users/hp/wikiart/Baroque/gabriel-metsu_breakfast.jpg,Baroque,5
/Users/hp/wikiart/Contemporary_Realism/jamie-wyeth_man-reading-monhegan-1974.jpg,Contemporary Realism,7
/Users/hp/wikiart/Symbolism/pablo-picasso_the-fool-1904-1.jpg,Symbolism,25
/Users/hp/wikiart/Pointillism/paul-signac_fecamp-sunshine-1886.jpg,Pointillism,19
/Users/hp/wikiart/Symbolism/gustave-moreau_nu-draft.jpg,Symbolism,25
/Users/hp/wikiart/Cubism/amadeo-de-souza-cardoso_the-life-of-instruments.jpg,Cubism,8
/Users/hp/wikiart/Ukiyo_e/katsushika-hokusai_bridge-in-the-clouds.jpg,Ukiyo e,27
/Users/hp/wikiart/Action_painting/jackson-pollock_number-29-1950.jpg,Action painting,2
/Users/hp/wikiart/Fauvism/max-pechstein_sunset-1921.jpg,Fauvism,11
/Users/hp/wikiart/Realism/vasily-polenov_christ-and-the-sinner-1885.jpg,Realism,22
/Users/hp/wikiart/Pop_Art/hiro-yamagata_1988-winter-olympic-games.jpg,Pop Art,20
/Users/hp/wikiart/Baroque/bartolome-esteban-murillo_baking-of-flat-cakes-1650.jpg,Baroque,5
/Users/hp/wikiart/Realism/henri-de-toulouse-lautrec_bust-of-a-nude-man.jpg,Realism,22
/Users/hp/wikiart/Early_Renaissance/benozzo-gozzoli_procession-of-the-oldest-king-1460.jpg,Early Renaissance,9
/Users/hp/wikiart/High_Renaissance/raphael_the-visitation.jpg,High Renaissance,12
/Users/hp/wikiart/Mannerism_Late_Renaissance/agnolo-bronzino_portrait-of-lorenzo-the-magnificent.jpg,Mannerism Late Renaissance,14
/Users/hp/wikiart/Minimalism/marko-pogacnik_untitled.jpg,Minimalism,15
/Users/hp/wikiart/Naive_Art_Primitivism/horace-pippin_christ-crowned-with-thorns-1938.jpg,Naive Art Primitivism,16
/Users/hp/wikiart/High_Renaissance/lorenzo-lotto_portrait-of-laura-da-pola-wife-of-febo-da-brescia.jpg,High Renaissance,12
/Users/hp/wikiart/High_Renaissance/lorenzo-lotto_portrait-of-a-man-with-a-felt-hat-1541.jpg,High Renaissance,12
/Users/hp/wikiart/Expressionism/saul-steinberg_utopia-1974.jpg,Expressionism,10
/Users/hp/wikiart/Abstract_Expressionism/elaine-de-kooning_fairfield-porter-1-1954.jpg,Abstract Expressionism,1
/Users/hp/wikiart/Symbolism/kuzma-petrov-vodkin_spring-1935.jpg,Symbolism,25
/Users/hp/wikiart/Analytical_Cubism/juan-gris_portrait-of-germaine-raynal-1912.jpg,Analytical Cubism,3
/Users/hp/wikiart/Art_Nouveau_Modern/petro-kholodny-(elder)_tale-of-a-girl-and-a-peacock.jpg,Art Nouveau Modern,4
/Users/hp/wikiart/New_Realism/edward-hopper_summer-interior.jpg,New Realism,17
/Users/hp/wikiart/Expressionism/amedeo-modigliani_head-of-a-young-girl-1916.jpg,Expressionism,10
/Users/hp/wikiart/Naive_Art_Primitivism/grandma-moses_the-quilting-bee.jpg,Naive Art Primitivism,16
/Users/hp/wikiart/Rococo/joshua-reynolds_self-portrait-2.jpg,Rococo,23
/Users/hp/wikiart/Expressionism/ion-tuculescu_blue-field.jpg,Expressionism,10
/Users/hp/wikiart/New_Realism/john-french-sloan_rosette-1913.jpg,New Realism,17
/Users/hp/wikiart/Minimalism/jiro-yoshihara_to-martha-s-memory-1970.jpg,Minimalism,15
/Users/hp/wikiart/Ukiyo_e/katsushika-hokusai_yoshida-at-tokaido.jpg,Ukiyo e,27
/Users/hp/wikiart/Contemporary_Realism/jamie-wyeth_record-player-1964.jpg,Contemporary Realism,7
/Users/hp/wikiart/Ukiyo_e/utagawa-kuniyoshi_tengu.jpg,Ukiyo e,27
/Users/hp/wikiart/Art_Nouveau_Modern/henri-de-toulouse-lautrec_yvette-guilbert-1894.jpg,Art Nouveau Modern,4
/Users/hp/wikiart/Ukiyo_e/utagawa-sadatora_surprised-man-on-a-verandah.jpg,Ukiyo e,27
/Users/hp/wikiart/Minimalism/daniel-dezeuze_untitled.jpg,Minimalism,15
/Users/hp/wikiart/Color_Field_Painting/jack-bush_apple-blossom-burst-1971.jpg,Color Field Painting,6
/Users/hp/wikiart/Impressionism/eugene-boudin_camaret-le-toulinguet-1872.jpg,Impressionism,13
/Users/hp/wikiart/Mannerism_Late_Renaissance/tintoretto_the-apotheosis-of-st-roch-1564.jpg,Mannerism Late Renaissance,14
/Users/hp/wikiart/Analytical_Cubism/pablo-picasso_souvenir-from-havre-1912.jpg,Analytical Cubism,3
/Users/hp/wikiart/Romanticism/pavel-svinyin_niagara-falls-canadian-side-by-moonlight.jpg,Romanticism,24
/Users/hp/wikiart/Color_Field_Painting/theodoros-stamos_archimandrite-1960.jpg,Color Field Painting,6
/Users/hp/wikiart/Synthetic_Cubism/juan-gris_landscape-at-ceret-1913.jpg,Synthetic Cubism,26
/Users/hp/wikiart/Ukiyo_e/utagawa-kuniyoshi_two-kamuro-waiting-for-a-courtesan.jpg,Ukiyo e,27
/Users/hp/wikiart/Cubism/juan-gris_two-pierrots-1922.jpg,Cubism,8
/Users/hp/wikiart/Pop_Art/burhan-dogancay_carlo-loves-1964.jpg,Pop Art,20
/Users/hp/wikiart/Post_Impressionism/vincent-van-gogh_sketch-of-the-painting-the-potato-eaters-1890.jpg,Post Impressionism,21
/Users/hp/wikiart/Rococo/canaletto_windsor-castle-1747.jpg,Rococo,23
/Users/hp/wikiart/Baroque/annibale-carracci_translation-of-the-holy-house.jpg,Baroque,5
/Users/hp/wikiart/Cubism/jose-de-almada-negreiros_the-fisherman-tapestry.jpg,Cubism,8
/Users/hp/wikiart/Impressionism/william-merritt-chase_portrait-of-mrs-william-merritt-chase.jpg,Impressionism,13
/Users/hp/wikiart/Romanticism/dante-gabriel-rossetti_cousturier-1840.jpg,Romanticism,24
/Users/hp/wikiart/Synthetic_Cubism/pablo-picasso_guitar-and-sheet-of-music-1912.jpg,Synthetic Cubism,26
/Users/hp/wikiart/Early_Renaissance/leonardo-da-vinci_study-for-the-adoration-of-the-magi.jpg,Early Renaissance,9
/Users/hp/wikiart/Minimalism/brice-marden_untitled-1973.jpg,Minimalism,15
/Users/hp/wikiart/Action_painting/franz-kline_suspended-1953.jpg,Action painting,2
/Users/hp/wikiart/Cubism/marevna-(marie-vorobieff)_not-identified-7.jpg,Cubism,8
/Users/hp/wikiart/Naive_Art_Primitivism/grã©goire-michonze_family-1960.jpg,Naive Art Primitivism,16
/Users/hp/wikiart/Analytical_Cubism/pablo-picasso_friendship-1908.jpg,Analytical Cubism,3
/Users/hp/wikiart/Post_Impressionism/vincent-van-gogh_wheat-field-in-rain-1889.jpg,Post Impressionism,21
/Users/hp/wikiart/Fauvism/walasse-ting_the-pink-cat.jpg,Fauvism,11
/Users/hp/wikiart/Ukiyo_e/keisai-eisen_autumn-moon-over-atago-hill-atagosan-no-aki-no-tsuki-from-the-series-eight-views-of-edo-1846.jpg,Ukiyo e,27
/Users/hp/wikiart/Symbolism/mikalojus-ciurlionis_alegro-sonata-of-the-pyramids-1909(1).jpg,Symbolism,25
/Users/hp/wikiart/Naive_Art_Primitivism/maria-primachenko_two-kites-1982.jpg,Naive Art Primitivism,16
/Users/hp/wikiart/High_Renaissance/raphael_the-serpent-the-cross.jpg,High Renaissance,12
/Users/hp/wikiart/Synthetic_Cubism/pablo-picasso_bottle-of-vieux-marc-glass-and-newspaper-1913.jpg,Synthetic Cubism,26
/Users/hp/wikiart/Pop_Art/edward-ruscha_dublin-1960.jpg,Pop Art,20
/Users/hp/wikiart/Pop_Art/red-grooms_picasso-1997.jpg,Pop Art,20
/Users/hp/wikiart/Ukiyo_e/katsushika-hokusai_phoenix.jpg,Ukiyo e,27
/Users/hp/wikiart/Art_Nouveau_Modern/ferdinand-hodler_the-reaper-1910.jpg,Art Nouveau Modern,4
/Users/hp/wikiart/Color_Field_Painting/piero-dorazio_untitled-1978.jpg,Color Field Painting,6
/Users/hp/wikiart/Impressionism/claude-monet_the-pond-at-montgeron.jpg,Impressionism,13
/Users/hp/wikiart/Baroque/peter-paul-rubens_marie-de-medicis-as-bellona-1625.jpg,Baroque,5
/Users/hp/wikiart/Naive_Art_Primitivism/niki-de-sainte-phalle_untitled-1968.jpg,Naive Art Primitivism,16
/Users/hp/wikiart/Analytical_Cubism/pablo-picasso_woman-with-mandolin-1909.jpg,Analytical Cubism,3
/Users/hp/wikiart/Pointillism/georges-seurat_beach-at-gravelines-1890.jpg,Pointillism,19
/Users/hp/wikiart/Rococo/john-russell_portrait-of-a-man.jpg,Rococo,23
/Users/hp/wikiart/Art_Nouveau_Modern/aubrey-beardsley_the-climax-1893.jpg,Art Nouveau Modern,4
/Users/hp/wikiart/Cubism/francis-picabia_young-girl.jpg,Cubism,8
/Users/hp/wikiart/Cubism/juan-gris_bullfighter-1913.jpg,Cubism,8
/Users/hp/wikiart/New_Realism/john-french-sloan_sally-and-paul-reds-and-greens.jpg,New Realism,17
/Users/hp/wikiart/Abstract_Expressionism/joan-miro_not_detected_227941.jpg,Abstract Expressionism,1
/Users/hp/wikiart/Analytical_Cubism/pablo-picasso_houses-on-the-hill-1909.jpg,Analytical Cubism,3
/Users/hp/wikiart/Pop_Art/claes-oldenburg_lipstick-ascending-on-caterpillar-tracks-1969.jpg,Pop Art,20
/Users/hp/wikiart/Color_Field_Painting/sam-francis_big-red-1953.jpg,Color Field Painting,6
/Users/hp/wikiart/Color_Field_Painting/terry-frost_moonship-1972.jpg,Color Field Painting,6
/Users/hp/wikiart/Expressionism/vilmos-aba-novak_landscape-1924.jpg,Expressionism,10
/Users/hp/wikiart/Color_Field_Painting/alma-woodsey-thomas_air-view-of-a-spring-nursery-1966.jpg,Color Field Painting,6
/Users/hp/wikiart/High_Renaissance/andrea-mantegna_soldiers.jpg,High Renaissance,12
/Users/hp/wikiart/Northern_Renaissance/hans-baldung_lamentation-1517.jpg,Northern Renaissance,18
/Users/hp/wikiart/Pointillism/paul-signac_antibes-the-pink-cloud-1916.jpg,Pointillism,19
/Users/hp/wikiart/Ukiyo_e/katsushika-hokusai_poppies.jpg,Ukiyo e,27
/Users/hp/wikiart/Expressionism/zinaida-serebriakova_standing-nude-1932.jpg,Expressionism,10
/Users/hp/wikiart/Northern_Renaissance/martin-schongauer_altar-of-omgeving-1491.jpg,Northern Renaissance,18
/Users/hp/wikiart/Minimalism/robert-ryman_twin-1966.jpg,Minimalism,15
/Users/hp/wikiart/Early_Renaissance/carlo-crivelli_saint-paul-saint-john-chrysostom-and-saint-basil.jpg,Early Renaissance,9
/Users/hp/wikiart/Analytical_Cubism/jean-metzinger_femme-au-chapeau-rose-et-collier-de-perles-1912.jpg,Analytical Cubism,3
/Users/hp/wikiart/Pointillism/paul-signac_the-port-of-la-rochelle-1915.jpg,Pointillism,19
/Users/hp/wikiart/Naive_Art_Primitivism/marc-chagall_study-to-the-jacob-s-dream-1.jpg,Naive Art Primitivism,16
/Users/hp/wikiart/Rococo/joshua-reynolds_portrait-of-john-simpson-of-bradley-hall-northumberland.jpg,Rococo,23
/Users/hp/wikiart/Romanticism/franz-richard-unterberger_the-bay-of-naples-1.jpg,Romanticism,24
/Users/hp/wikiart/Rococo/joshua-reynolds_portrait-of-rebecca-watson.jpg,Rococo,23
/Users/hp/wikiart/High_Renaissance/leonardo-da-vinci_head-of-st-john-the-evangelist.jpg,High Renaissance,12
/Users/hp/wikiart/Art_Nouveau_Modern/alphonse-mucha_lance-parfum-rodo-1896.jpg,Art Nouveau Modern,4
/Users/hp/wikiart/Romanticism/john-crome_study-of-flints-1811.jpg,Romanticism,24
/Users/hp/wikiart/Pointillism/theo-van-rysselberghe_portrait-of-mathilde-vereeken-1891.jpg,Pointillism,19
/Users/hp/wikiart/Romanticism/john-everett-millais_swallow-swallow.jpg,Romanticism,24
/Users/hp/wikiart/New_Realism/john-french-sloan_wonson-s-rocks-and-ten-pound-island-1915.jpg,New Realism,17
/Users/hp/wikiart/Early_Renaissance/domenico-ghirlandaio_portrait-of-giovane-donna.jpg,Early Renaissance,9
/Users/hp/wikiart/Symbolism/salvador-dali_nabuchodonsor-rex-babylons-1967.jpg,Symbolism,25
/Users/hp/wikiart/Pointillism/georges-seurat_circus-sideshow-1888.jpg,Pointillism,19
/Users/hp/wikiart/Rococo/maurice-quentin-de-la-tour_the-cellist.jpg,Rococo,23
/Users/hp/wikiart/Post_Impressionism/tivadar-kosztka-csontvary_the-small-taormin-1904.jpg,Post Impressionism,21
/Users/hp/wikiart/Contemporary_Realism/janet-fish_kraft-salad-dressing-1973.jpg,Contemporary Realism,7
/Users/hp/wikiart/Action_painting/franz-kline_untitled-1957-1.jpg,Action painting,2
/Users/hp/wikiart/New_Realism/william-james-glackens_under-the-trees-luxembourg-gardens-1906.jpg,New Realism,17
/Users/hp/wikiart/Northern_Renaissance/hans-memling_ecce-homo-in-the-arms-of-the-virgin-1479.jpg,Northern Renaissance,18
/Users/hp/wikiart/Fauvism/jacques-villon_portrait-of-the-artist-1909.jpg,Fauvism,11
/Users/hp/wikiart/Fauvism/john-duncan-fergusson_le-manteau-chinois-1909.jpg,Fauvism,11
/Users/hp/wikiart/Art_Nouveau_Modern/ivan-bilibin_russian-folk-art-illustration-for-the-magazine-world-of-art-1904.jpg,Art Nouveau Modern,4
/Users/hp/wikiart/Fauvism/henri-matisse_portrait-of-andre-derain-1905.jpg,Fauvism,11
/Users/hp/wikiart/Fauvism/ilya-mashkov_still-life-with-cactus-1914.jpg,Fauvism,11
/Users/hp/wikiart/High_Renaissance/andrea-mantegna_saint-jerome-reading-with-the-lion-1500.jpg,High Renaissance,12
/Users/hp/wikiart/Cubism/theo-van-doesburg_landscape-1916.jpg,Cubism,8
/Users/hp/wikiart/Fauvism/louis-valtat_a-tree-in-the-garden-1896.jpg,Fauvism,11
/Users/hp/wikiart/Pointillism/henri-edmond-cross_the-blue-boat.jpg,Pointillism,19
/Users/hp/wikiart/Post_Impressionism/marsden-hartley_smelt-brook-falls.jpg,Post Impressionism,21
/Users/hp/wikiart/New_Realism/edward-hopper_houses-of-squam-light-gloucester-1923.jpg,New Realism,17
/Users/hp/wikiart/Contemporary_Realism/lucian-freud_sleeping-nude.jpg,Contemporary Realism,7
/Users/hp/wikiart/Cubism/tarsila-do-amaral_s-o-paulo(1).jpg,Cubism,8
/Users/hp/wikiart/Contemporary_Realism/jamie-wyeth_giant-dryads.jpg,Contemporary Realism,7
/Users/hp/wikiart/Early_Renaissance/carlo-crivelli_saint-paul-1473.jpg,Early Renaissance,9
/Users/hp/wikiart/Naive_Art_Primitivism/kateryna-bilokur_early-spring-1958.jpg,Naive Art Primitivism,16
/Users/hp/wikiart/Rococo/dmitry-levitzky_catherine-ii-1782.jpg,Rococo,23
/Users/hp/wikiart/Minimalism/paul-brach_silver-series-1965.jpg,Minimalism,15
/Users/hp/wikiart/Mannerism_Late_Renaissance/jacopo-pontormo_punishment-of-the-baker.jpg,Mannerism Late Renaissance,14
/Users/hp/wikiart/Romanticism/jan-matejko_angel.jpg,Romanticism,24
/Users/hp/wikiart/Analytical_Cubism/georges-braque_violin-and-pitcher-1910.jpg,Analytical Cubism,3
/Users/hp/wikiart/Art_Nouveau_Modern/wilhelm-kotarbinski_angel-of-sadness.jpg,Art Nouveau Modern,4
/Users/hp/wikiart/Color_Field_Painting/ronnie-landfield_blue-line-painting-1969.jpg,Color Field Painting,6
/Users/hp/wikiart/Ukiyo_e/katsushika-hokusai_portrait-of-a-woman-holding-a-fan.jpg,Ukiyo e,27
/Users/hp/wikiart/Rococo/antoine-watteau_the-camp.jpg,Rococo,23
/Users/hp/wikiart/Color_Field_Painting/perle-fine_cool-series-no-22-wide-u-1963.jpg,Color Field Painting,6
/Users/hp/wikiart/Expressionism/martiros-saryan_mount-aragats-1914.jpg,Expressionism,10
/Users/hp/wikiart/Romanticism/william-holman-hunt_bianca.jpg,Romanticism,24
/Users/hp/wikiart/Cubism/lyonel-feininger_st-mary-s-church-with-the-arrow-1930.jpg,Cubism,8
/Users/hp/wikiart/Romanticism/francisco-goya_don-andres-del-peral-1798.jpg,Romanticism,24
/Users/hp/wikiart/Pop_Art/walter-battiss_orgy.jpg,Pop Art,20
/Users/hp/wikiart/Action_painting/jackson-pollock_one-number-31-1950.jpg,Action painting,2
/Users/hp/wikiart/Realism/ivan-kramskoy_pond-1880.jpg,Realism,22
/Users/hp/wikiart/Early_Renaissance/antonello-da-messina_portrait-of-a-man.jpg,Early Renaissance,9
/Users/hp/wikiart/Symbolism/ferdinand-hodler_lake-geneva-with-mont-blanc-in-the-morning-light-1918.jpg,Symbolism,25
/Users/hp/wikiart/Naive_Art_Primitivism/grã©goire-michonze_figures-in-a-room-1981.jpg,Naive Art Primitivism,16
/Users/hp/wikiart/Realism/konstantin-bogaevsky_view-of-the-tarusa-surroundings.jpg,Realism,22
/Users/hp/wikiart/Post_Impressionism/henri-de-toulouse-lautrec_portrait-of-vincent-van-gogh-1887.jpg,Post Impressionism,21
/Users/hp/wikiart/Minimalism/andre-pierre-arnal_pliage-folded-painting-1972-1.jpg,Minimalism,15
/Users/hp/wikiart/Color_Field_Painting/gene-davis_smithsonian-resident-associate-program-tenth-anniversary-poster-1975(1).jpg,Color Field Painting,6
/Users/hp/wikiart/Color_Field_Painting/mark-rothko_no-17-1961(1).jpg,Color Field Painting,6
/Users/hp/wikiart/Ukiyo_e/kitagawa-utamaro_beauty-at-toilet.jpg,Ukiyo e,27
/Users/hp/wikiart/Synthetic_Cubism/juan-gris_fantomas-1915.jpg,Synthetic Cubism,26
/Users/hp/wikiart/Expressionism/louay-kayyali_irises.jpg,Expressionism,10
/Users/hp/wikiart/Minimalism/fernando-calhau_pintura-1972.jpg,Minimalism,15
/Users/hp/wikiart/Color_Field_Painting/alma-woodsey-thomas_red-sunset-old-pond-concerto-1972.jpg,Color Field Painting,6
/Users/hp/wikiart/Contemporary_Realism/neil-welliver_hope-to-megunticook.jpg,Contemporary Realism,7
/Users/hp/wikiart/Contemporary_Realism/konstantin-vasilyev_the-starry-sky.jpg,Contemporary Realism,7
/Users/hp/wikiart/Cubism/joan-miro_north-south.jpg,Cubism,8
/Users/hp/wikiart/Action_painting/jackson-pollock_number-12-1949.jpg,Action painting,2
/Users/hp/wikiart/Early_Renaissance/leonardo-da-vinci_profile-of-a-warrior-in-helmet.jpg,Early Renaissance,9
/Users/hp/wikiart/Synthetic_Cubism/juan-gris_not_detected_207833.jpg,Synthetic Cubism,26
/Users/hp/wikiart/Early_Renaissance/fra-angelico_virgin-mary-annunciate-1433.jpg,Early Renaissance,9
/Users/hp/wikiart/Northern_Renaissance/hans-memling_portrait-of-tommaso-portinari.jpg,Northern Renaissance,18
/Users/hp/wikiart/Symbolism/jury-annenkov_view-of-paris-from-meudon.jpg,Symbolism,25
/Users/hp/wikiart/New_Realism/john-french-sloan_the-cot-1907.jpg,New Realism,17
/Users/hp/wikiart/Northern_Renaissance/robert-campin_madonna-and-child-1430.jpg,Northern Renaissance,18
/Users/hp/wikiart/New_Realism/edward-hopper_el-palacio.jpg,New Realism,17
/Users/hp/wikiart/Contemporary_Realism/chuck-close_self-portrait-2007.jpg,Contemporary Realism,7
/Users/hp/wikiart/Romanticism/nikolai-ge_leila-and-khaji-abrek.jpg,Romanticism,24
/Users/hp/wikiart/Synthetic_Cubism/pablo-picasso_geometrical-composition-the-guitar-1913.jpg,Synthetic Cubism,26
/Users/hp/wikiart/High_Renaissance/pietro-perugino_vallombrosa-altar-detail.jpg,High Renaissance,12
/Users/hp/wikiart/Symbolism/mikalojus-ciurlionis_creation-of-the-world-ii-1906.jpg,Symbolism,25
/Users/hp/wikiart/Expressionism/ernst-ludwig-kirchner_three-nudes-in-the-forest-1.jpg,Expressionism,10
/Users/hp/wikiart/High_Renaissance/leonardo-da-vinci_drawings-of-a-bird-in-flight.jpg,High Renaissance,12
/Users/hp/wikiart/Northern_Renaissance/bernhard-strigel_john-the-evangelist.jpg,Northern Renaissance,18
/Users/hp/wikiart/New_Realism/edward-hopper_lighthouse-and-buildings-portland-head-cape-elizabeth-maine-1927.jpg,New Realism,17
/Users/hp/wikiart/Pop_Art/audrey-flack_macarena-esperanza-1971.jpg,Pop Art,20
/Users/hp/wikiart/Contemporary_Realism/janet-fish_peaches-and-strawflowers-1990.jpg,Contemporary Realism,7
/Users/hp/wikiart/Expressionism/ion-tuculescu_butterfly-dance.jpg,Expressionism,10
/Users/hp/wikiart/Contemporary_Realism/konstantin-vasilyev_above-the-bonfire.jpg,Contemporary Realism,7
/Users/hp/wikiart/Post_Impressionism/vincent-van-gogh_l-arlesienne-portrait-of-madame-ginoux-1888.jpg,Post Impressionism,21
/Users/hp/wikiart/Action_painting/jackson-pollock_composition-white-black-blue-and-red-on-white-1948.jpg,Action painting,2
/Users/hp/wikiart/Analytical_Cubism/pablo-picasso_jug-and-fruit-dish-1908.jpg,Analytical Cubism,3
/Users/hp/wikiart/Naive_Art_Primitivism/fernando-botero_man-smoking.jpg,Naive Art Primitivism,16
/Users/hp/wikiart/Abstract_Expressionism/hedda-sterne_alaska-1-1958.jpg,Abstract Expressionism,1
/Users/hp/wikiart/Fauvism/aldemir-martins_cesta-com-frutas-1998.jpg,Fauvism,11
/Users/hp/wikiart/Art_Nouveau_Modern/aubrey-beardsley_page-preceding-contents-list.jpg,Art Nouveau Modern,4
/Users/hp/wikiart/High_Renaissance/michelangelo_the-virgin-and-child-with-saint-john-and-angels-manchester-madonna.jpg,High Renaissance,12
/Users/hp/wikiart/Symbolism/gustave-moreau_a-esfinge-vencedora.jpg,Symbolism,25
/Users/hp/wikiart/Color_Field_Painting/mark-rothko_no-46(1).jpg,Color Field Painting,6
/Users/hp/wikiart/Mannerism_Late_Renaissance/titian_pentecost.jpg,Mannerism Late Renaissance,14
/Users/hp/wikiart/Ukiyo_e/katsushika-hokusai_the-fuji-from-kanaya-on-the-tokaido.jpg,Ukiyo e,27
/Users/hp/wikiart/Mannerism_Late_Renaissance/agnolo-bronzino_piero-de-medici-il-gottoso.jpg,Mannerism Late Renaissance,14
/Users/hp/wikiart/Rococo/canaletto_santa-maria-zobenigo.jpg,Rococo,23
/Users/hp/wikiart/Synthetic_Cubism/georges-braque_still-life-with-grapes-ii-1918.jpg,Synthetic Cubism,26
/Users/hp/wikiart/Contemporary_Realism/janet-fish_white-tulips-1999.jpg,Contemporary Realism,7
/Users/hp/wikiart/Cubism/pablo-picasso_man-and-woman-1958.jpg,Cubism,8
/Users/hp/wikiart/Analytical_Cubism/georges-braque_still-life-with-a-pair-of-banderillas-1911.jpg,Analytical Cubism,3
/Users/hp/wikiart/Cubism/kazimir-malevich_two-and-a-pushcart-1911.jpg,Cubism,8
/Users/hp/wikiart/Color_Field_Painting/mark-rothko_untitled-6(1).jpg,Color Field Painting,6
/Users/hp/wikiart/Realism/aleksey-savrasov_volga-1870-1.jpg,Realism,22
/Users/hp/wikiart/Expressionism/ernst-ludwig-kirchner_view-of-basel-and-the-rhine-1928.jpg,Expressionism,10
/Users/hp/wikiart/Analytical_Cubism/pablo-picasso_table-in-a-cafe-bottle-of-pernod-1912.jpg,Analytical Cubism,3
/Users/hp/wikiart/Pointillism/camille-pissarro_flock-of-sheep-1888.jpg,Pointillism,19
/Users/hp/wikiart/Rococo/francois-boucher_the-mill-1751.jpg,Rococo,23
/Users/hp/wikiart/High_Renaissance/lorenzo-lotto_altar-of-recanati-polyptych-crowning-of-the-right-wing-st-catherine-of-siena-and-st-sigismund-1508.jpg,High Renaissance,12
/Users/hp/wikiart/Analytical_Cubism/georges-braque_still-life-with-harp-and-violin-1911.jpg,Analytical Cubism,3
/Users/hp/wikiart/Romanticism/john-constable_selfportrait.jpg,Romanticism,24
/Users/hp/wikiart/Post_Impressionism/tivadar-kosztka-csontvary_young-painter-1898.jpg,Post Impressionism,21
/Users/hp/wikiart/Baroque/gerard-terborch_the-dancing-couple-1660.jpg,Baroque,5
/Users/hp/wikiart/Mannerism_Late_Renaissance/rosso-fiorentino_assumption-of-the-virgin-1517.jpg,Mannerism Late Renaissance,14
/Users/hp/wikiart/Color_Field_Painting/sam-gilliam_rhinoceros-3-2004.jpg,Color Field Painting,6
/Users/hp/wikiart/Contemporary_Realism/neil-welliver_study-for-flat-boulder-reflected.jpg,Contemporary Realism,7
/Users/hp/wikiart/Expressionism/edvard-munch_starry-night-1924.jpg,Expressionism,10
/Users/hp/wikiart/Early_Renaissance/fra-angelico_annunciation-detail.jpg,Early Renaissance,9
/Users/hp/wikiart/Contemporary_Realism/john-miller_moonoverthebay.jpg,Contemporary Realism,7
/Users/hp/wikiart/High_Renaissance/correggio_salvator-mundi.jpg,High Renaissance,12
/Users/hp/wikiart/Color_Field_Painting/jack-bush_striped-column-1964.jpg,Color Field Painting,6
/Users/hp/wikiart/Minimalism/andrei-cadere_untitled-bar-a-i-0203000-25-i-x-12-1976.jpg,Minimalism,15
/Users/hp/wikiart/Impressionism/william-merritt-chase_the-garden-wall.jpg,Impressionism,13
/Users/hp/wikiart/Fauvism/charles-lapicque_les-cap-horniers.jpg,Fauvism,11
/Users/hp/wikiart/Synthetic_Cubism/juan-gris_harlequin-at-a-table-1919.jpg,Synthetic Cubism,26
/Users/hp/wikiart/Synthetic_Cubism/georges-braque_fruit-dish-1913.jpg,Synthetic Cubism,26
/Users/hp/wikiart/Post_Impressionism/stefan-luchian_kitchen.jpg,Post Impressionism,21
/Users/hp/wikiart/Synthetic_Cubism/georges-braque_still-life-on-a-table-with-gillette-1914.jpg,Synthetic Cubism,26
/Users/hp/wikiart/Naive_Art_Primitivism/marc-chagall_moses-receiving-the-tablets-of-the-law-from-god-on-mount-sinai-exodus-xxiv-15-18.jpg,Naive Art Primitivism,16
/Users/hp/wikiart/Post_Impressionism/gustave-loiseau_the-seine-at-pontoise.jpg,Post Impressionism,21
/Users/hp/wikiart/Romanticism/viktor-vasnetsov_vesna-krasna-1885.jpg,Romanticism,24
/Users/hp/wikiart/Pointillism/theo-van-rysselberghe_canal-in-flanders-1894-1.jpg,Pointillism,19
/Users/hp/wikiart/Symbolism/mikalojus-ciurlionis_funeral-symphony-iv-1903.jpg,Symbolism,25
/Users/hp/wikiart/Impressionism/alfred-sisley_thames-at-hampton-court-1874.jpg,Impressionism,13
/Users/hp/wikiart/Romanticism/henry-raeburn_portrait-of-mrs-andrew.jpg,Romanticism,24
/Users/hp/wikiart/Impressionism/camille-pissarro_harvest-in-the-orchard-eragny.jpg,Impressionism,13
/Users/hp/wikiart/Expressionism/corneliu-baba_steel-workers.jpg,Expressionism,10
/Users/hp/wikiart/Impressionism/claude-monet_the-seine-near-giverny-1.jpg,Impressionism,13
/Users/hp/wikiart/Minimalism/robert-mangold_tudy-attic-series-xiv-1991.jpg,Minimalism,15
/Users/hp/wikiart/Contemporary_Realism/john-miller_trevorrian-sancreed-farm.jpg,Contemporary Realism,7
/Users/hp/wikiart/Pointillism/paul-signac_comblat-castle-the-pre-1886(1).jpg,Pointillism,19
/Users/hp/wikiart/Naive_Art_Primitivism/fernando-botero_musician.jpg,Naive Art Primitivism,16
/Users/hp/wikiart/Pop_Art/walter-battiss_girl-skipping.jpg,Pop Art,20
/Users/hp/wikiart/Rococo/benjamin-west_isaac-s-servant-trying-the-bracelet-on-rebecca-s-arm.jpg,Rococo,23
/Users/hp/wikiart/Expressionism/periklis-vyzantios_nude.jpg,Expressionism,10
/Users/hp/wikiart/Abstract_Expressionism/richard-pousette-dart_illumination-gothic-1958.jpg,Abstract Expressionism,1
/Users/hp/wikiart/Abstract_Expressionism/raoul-ubac_kreuzweg-1955.jpg,Abstract Expressionism,1
/Users/hp/wikiart/Baroque/jacob-jordaens_kitchen-scene.jpg,Baroque,5
/Users/hp/wikiart/Minimalism/frank-stella_black-stack-1970.jpg,Minimalism,15
/Users/hp/wikiart/Pop_Art/pauline-boty_it-s-a-man-s-world-ii-1965.jpg,Pop Art,20
/Users/hp/wikiart/Analytical_Cubism/pablo-picasso_violin-glass-pipe-and-inkwell-1912.jpg,Analytical Cubism,3
/Users/hp/wikiart/Contemporary_Realism/jamie-wyeth_angus-study-1974.jpg,Contemporary Realism,7
/Users/hp/wikiart/Rococo/giovanni-battista-tiepolo_scipio-and-a-slave-1731.jpg,Rococo,23
/Users/hp/wikiart/High_Renaissance/leonardo-da-vinci_study-for-the-last-supper-2.jpg,High Renaissance,12
/Users/hp/wikiart/Realism/vladimir-makovsky_two-sisters-1893.jpg,Realism,22
/Users/hp/wikiart/Romanticism/gustave-dore_the-dove-sent-forth-from-the-ark-1866.jpg,Romanticism,24
/Users/hp/wikiart/Minimalism/brice-marden_untitled-1971(1).jpg,Minimalism,15
/Users/hp/wikiart/Ukiyo_e/keisai-eisen_the-kirifuri-falls-one-of-the-three-waterfalls-1847(1).jpg,Ukiyo e,27
/Users/hp/wikiart/High_Renaissance/pietro-perugino_baptism-of-christ-1507.jpg,High Renaissance,12
/Users/hp/wikiart/Abstract_Expressionism/cy-twombly_untitled-peony-blossom-painting.jpg,Abstract Expressionism,1
/Users/hp/wikiart/Analytical_Cubism/pablo-picasso_woman-with-guitar-and-piano-1911.jpg,Analytical Cubism,3
/Users/hp/wikiart/Naive_Art_Primitivism/marc-chagall_untitled-1973-2.jpg,Naive Art Primitivism,16
/Users/hp/wikiart/Romanticism/alexander-shilov_nana-1989(4).jpg,Romanticism,24
/Users/hp/wikiart/Northern_Renaissance/albrecht-durer_portrait-of-a-man-john-stabius.jpg,Northern Renaissance,18
/Users/hp/wikiart/Post_Impressionism/vincent-van-gogh_edge-of-a-wheatfield-with-poppies-1887(1).jpg,Post Impressionism,21
/Users/hp/wikiart/Romanticism/caspar-david-friedrich_man-and-woman.jpg,Romanticism,24
/Users/hp/wikiart/Pointillism/camille-pissarro_pear-tress-in-bloom-eragny-morning.jpg,Pointillism,19
/Users/hp/wikiart/Cubism/andre-masson_reclining-nude-1956.jpg,Cubism,8
/Users/hp/wikiart/Impressionism/arkhip-kuindzhi_forest-swamp.jpg,Impressionism,13
/Users/hp/wikiart/Expressionism/jean-paul-lemieux_l-orpheline-1957.jpg,Expressionism,10
/Users/hp/wikiart/Romanticism/gustave-dore_don-quixote-70.jpg,Romanticism,24
/Users/hp/wikiart/Contemporary_Realism/neil-welliver_study-for-clouds-i.jpg,Contemporary Realism,7
/Users/hp/wikiart/Early_Renaissance/benozzo-gozzoli_procession-of-the-magi-detail-1461.jpg,Early Renaissance,9
/Users/hp/wikiart/Early_Renaissance/paolo-uccello_scene-temple-mary-1440.jpg,Early Renaissance,9
/Users/hp/wikiart/Realism/odilon-redon_vase-with-flowers-and-butterflies.jpg,Realism,22
/Users/hp/wikiart/Contemporary_Realism/john-miller_summer-haze.jpg,Contemporary Realism,7
/Users/hp/wikiart/Mannerism_Late_Renaissance/titian_the-young-englishman-1545.jpg,Mannerism Late Renaissance,14
/Users/hp/wikiart/Pointillism/kees-van-dongen_sheaf-binders-1905.jpg,Pointillism,19
/Users/hp/wikiart/Abstract_Expressionism/salvador-dali_et-baptizatus-est-a-ioanne-in-iordane-luke-3-3.jpg,Abstract Expressionism,1
/Users/hp/wikiart/Analytical_Cubism/georges-braque_violin-and-candlestick-1910.jpg,Analytical Cubism,3
/Users/hp/wikiart/Early_Renaissance/carlo-crivelli_saint-laurenzius-1468.jpg,Early Renaissance,9
/Users/hp/wikiart/Pointillism/henri-edmond-cross_cypresses.jpg,Pointillism,19
/Users/hp/wikiart/Impressionism/nicolae-grigorescu_peasant-woman-head-1905.jpg,Impressionism,13
/Users/hp/wikiart/Impressionism/pierre-auguste-renoir_nude.jpg,Impressionism,13
/Users/hp/wikiart/Minimalism/andrei-cadere_square-wooden-bar.jpg,Minimalism,15
/Users/hp/wikiart/Early_Renaissance/leonardo-da-vinci_woman-s-head.jpg,Early Renaissance,9
/Users/hp/wikiart/Synthetic_Cubism/juan-gris_the-guitar-1914.jpg,Synthetic Cubism,26
/Users/hp/wikiart/Synthetic_Cubism/juan-gris_bottle-and-glass-on-a-table-1914.jpg,Synthetic Cubism,26
/Users/hp/wikiart/Impressionism/robert-julian-onderdonk_field-with-corn-shocks.jpg,Impressionism,13
/Users/hp/wikiart/Rococo/dmitry-levitzky_portrait-of-unknown-woman-with-a-rose-1788.jpg,Rococo,23
/Users/hp/wikiart/Mannerism_Late_Renaissance/tintoretto_man-in-armour.jpg,Mannerism Late Renaissance,14
/Users/hp/wikiart/Baroque/frans-hals_portrait-of-a-seated-woman-holding-a-fan-1650.jpg,Baroque,5
/Users/hp/wikiart/High_Renaissance/giorgione_sacred-conversation-1505(2).jpg,High Renaissance,12
/Users/hp/wikiart/Mannerism_Late_Renaissance/giorgio-vasari_the-house-of-giorgio-vasari-in-arezzo.jpg,Mannerism Late Renaissance,14
/Users/hp/wikiart/New_Realism/edward-hopper_white-river-at-sharon.jpg,New Realism,17
/Users/hp/wikiart/High_Renaissance/luca-signorelli_doctors-of-the-church-1502.jpg,High Renaissance,12
/Users/hp/wikiart/Action_painting/jackson-pollock_number-6-1949(1).jpg,Action painting,2
/Users/hp/wikiart/Northern_Renaissance/hans-memling_diptych-with-the-deposition-1494.jpg,Northern Renaissance,18
/Users/hp/wikiart/New_Realism/edward-hopper_apartment-houses.jpg,New Realism,17
/Users/hp/wikiart/Baroque/gerrit-dou_the-prayer-of-the-spinner.jpg,Baroque,5
/Users/hp/wikiart/Impressionism/konstantin-makovsky_portrait-of-the-girl.jpg,Impressionism,13
/Users/hp/wikiart/Synthetic_Cubism/pablo-picasso_guitar-1920-1.jpg,Synthetic Cubism,26
/Users/hp/wikiart/Fauvism/henri-matisse_lady-on-a-terrace-1907.jpg,Fauvism,11
/Users/hp/wikiart/Pop_Art/andy-warhol_marylin-red.jpg,Pop Art,20
/Users/hp/wikiart/Symbolism/henri-fantin-latour_truth-1891.jpg,Symbolism,25
/Users/hp/wikiart/New_Realism/edward-hopper_evening-wind.jpg,New Realism,17
/Users/hp/wikiart/Pop_Art/walter-battiss_banana-boy.jpg,Pop Art,20
/Users/hp/wikiart/Northern_Renaissance/hans-holbein-the-younger_the-humiliation-of-the-emperor-valerian-by-the-persian-king-sapor-1521.jpg,Northern Renaissance,18
/Users/hp/wikiart/Symbolism/mikhail-vrubel_pearl-oister-1904.jpg,Symbolism,25
/Users/hp/wikiart/Ukiyo_e/utagawa-sadatora_great-harbors-for-the-lucky-treasure-ship.jpg,Ukiyo e,27
/Users/hp/wikiart/Synthetic_Cubism/juan-gris_still-life-with-guitar-1920.jpg,Synthetic Cubism,26
/Users/hp/wikiart/New_Realism/edward-hopper_eleven-a-m.jpg,New Realism,17
/Users/hp/wikiart/Color_Field_Painting/frank-bowling_who-s-afraid-of-barney-newman-1968.jpg,Color Field Painting,6
/Users/hp/wikiart/Synthetic_Cubism/pablo-picasso_fruit-vase-and-bunch-of-grapes-1914.jpg,Synthetic Cubism,26
/Users/hp/wikiart/Cubism/pablo-picasso_glass-bottle-packet-of-tobacco-1922.jpg,Cubism,8
/Users/hp/wikiart/Abstract_Expressionism/bui-xuan-phai_abstract.jpg,Abstract Expressionism,1
/Users/hp/wikiart/Abstract_Expressionism/mark-tobey_two-men-walking-1964.jpg,Abstract Expressionism,1
/Users/hp/wikiart/Contemporary_Realism/john-miller_sunrise-of-wonder-viii.jpg,Contemporary Realism,7
/Users/hp/wikiart/Fauvism/mary-fedden_red-parasol-1978.jpg,Fauvism,11
/Users/hp/wikiart/Pointillism/andre-derain_charing-cross-bridge-1906.jpg,Pointillism,19
/Users/hp/wikiart/Ukiyo_e/utagawa-kuniyoshi_the-female-demond-1.jpg,Ukiyo e,27
/Users/hp/wikiart/Baroque/rembrandt_portrait-of-floris-soop-1654.jpg,Baroque,5
/Users/hp/wikiart/High_Renaissance/pietro-perugino_christ-on-the-sarcophagus.jpg,High Renaissance,12
/Users/hp/wikiart/Abstract_Expressionism/mark-tobey_new-world-dimensions-iv.jpg,Abstract Expressionism,1
/Users/hp/wikiart/Pointillism/georges-seurat_the-seine-at-courbevoie-1885.jpg,Pointillism,19
/Users/hp/wikiart/Minimalism/park-seo-bo_ecriture-no-070405-2007.jpg,Minimalism,15
/Users/hp/wikiart/High_Renaissance/raphael_st-george-and-the-dragon.jpg,High Renaissance,12
/Users/hp/wikiart/Symbolism/mikhail-vrubel_the-lilacs-1900.jpg,Symbolism,25
/Users/hp/wikiart/Mannerism_Late_Renaissance/titian_portrait-of-the-great-elector-john-frederick-of-saxony.jpg,Mannerism Late Renaissance,14
/Users/hp/wikiart/Mannerism_Late_Renaissance/cristovao-de-figueiredo_deposi-o-no-t-mulo-1521.jpg,Mannerism Late Renaissance,14
/Users/hp/wikiart/Color_Field_Painting/paul-reed_draa-1988.jpg,Color Field Painting,6
/Users/hp/wikiart/Abstract_Expressionism/sam-francis_untitled-sf143s.jpg,Abstract Expressionism,1
/Users/hp/wikiart/Contemporary_Realism/neil-welliver_blueberries-in-fissures.jpg,Contemporary Realism,7
/Users/hp/wikiart/Abstract_Expressionism/perle-fine_plan-for-the-white-city-1950.jpg,Abstract Expressionism,1
/Users/hp/wikiart/Analytical_Cubism/georges-braque_pedestal-table-1911.jpg,Analytical Cubism,3
/Users/hp/wikiart/Post_Impressionism/edouard-cortes_new-bridge-2.jpg,Post Impressionism,21
/Users/hp/wikiart/Action_painting/hans-hofmann_rope-swinger-1962.jpg,Action painting,2
/Users/hp/wikiart/Northern_Renaissance/albrecht-durer_apostle-2.jpg,Northern Renaissance,18
/Users/hp/wikiart/Baroque/frans-snyders_still-life-with-a-basket-of-fruit.jpg,Baroque,5
/Users/hp/wikiart/Analytical_Cubism/georges-braque_violin-and-clarinet-on-a-table-1912.jpg,Analytical Cubism,3
/Users/hp/wikiart/Minimalism/lee-ufan_dialogue-2008.jpg,Minimalism,15
/Users/hp/wikiart/Impressionism/victor-borisov-musatov_two-ladies-1899.jpg,Impressionism,13
/Users/hp/wikiart/Action_painting/norman-bluhm_mathematics-1962.jpg,Action painting,2
/Users/hp/wikiart/Synthetic_Cubism/juan-gris_guitar-on-the-table-1913.jpg,Synthetic Cubism,26
/Users/hp/wikiart/High_Renaissance/leonardo-da-vinci_caricature.jpg,High Renaissance,12
/Users/hp/wikiart/Abstract_Expressionism/tsuruko-yamazaki_work-1994.jpg,Abstract Expressionism,1
/Users/hp/wikiart/Pop_Art/rene-bertholo_deux-nuages-1967.jpg,Pop Art,20
/Users/hp/wikiart/Fauvism/joan-miro_not_detected_227964.jpg,Fauvism,11
/Users/hp/wikiart/Minimalism/conrad-marca-relli_untitled-1978.jpg,Minimalism,15
/Users/hp/wikiart/Minimalism/anne-truitt_quipe-1984.jpg,Minimalism,15
/Users/hp/wikiart/Minimalism/sol-lewitt_8-part-cube-1975.jpg,Minimalism,15
/Users/hp/wikiart/Fauvism/corneille_she-gives-herself-to-summer-1980.jpg,Fauvism,11
/Users/hp/wikiart/Expressionism/ernst-ludwig-kirchner_nudeyoung-woman-in-front-of-a-oven.jpg,Expressionism,10
/Users/hp/wikiart/Pop_Art/andy-warhol_double-hamburger.jpg,Pop Art,20
/Users/hp/wikiart/Romanticism/john-hoppner_portrait-of-miss-fisher.jpg,Romanticism,24
/Users/hp/wikiart/Impressionism/camille-pissarro_a-cowherd-on-the-route-de-chou-pontoise-1874.jpg,Impressionism,13
/Users/hp/wikiart/Action_painting/norman-bluhm_untitled-1960.jpg,Action painting,2
/Users/hp/wikiart/Action_painting/jackson-pollock_reflections-of-the-big-dipper-1947.jpg,Action painting,2
/Users/hp/wikiart/Northern_Renaissance/albrecht-durer_portrait-of-jakob-fugger.jpg,Northern Renaissance,18
/Users/hp/wikiart/Art_Nouveau_Modern/henri-de-toulouse-lautrec_skating-professional-beauty-mlle-liane-de-lancy-at-the-palais-de-glace-1896.jpg,Art Nouveau Modern,4
/Users/hp/wikiart/Color_Field_Painting/walter-darby-bannard_green-valentine-3-1965.jpg,Color Field Painting,6
/Users/hp/wikiart/Cubism/fernand-leger_discs-1918-1.jpg,Cubism,8
/Users/hp/wikiart/Fauvism/ilya-mashkov_still-life-with-loaves-of-bread-1912.jpg,Fauvism,11
/Users/hp/wikiart/Mannerism_Late_Renaissance/agnolo-bronzino_portrait-of-cosimo-i-de-medici-1545.jpg,Mannerism Late Renaissance,14
/Users/hp/wikiart/Romanticism/theodore-gericault_coal-cars-1822.jpg,Romanticism,24
/Users/hp/wikiart/Art_Nouveau_Modern/mikhail-nesterov_in-a-secluded-monastery-1915.jpg,Art Nouveau Modern,4
/Users/hp/wikiart/Analytical_Cubism/georges-braque_woman-with-a-mandolin-1910.jpg,Analytical Cubism,3
/Users/hp/wikiart/Symbolism/mikalojus-ciurlionis_deluge-ii-1904.jpg,Symbolism,25
/Users/hp/wikiart/Pointillism/richard-gerstl_self-portrait-2-1907.jpg,Pointillism,19
/Users/hp/wikiart/Baroque/francisco-de-zurbaran_st-jerome.jpg,Baroque,5
/Users/hp/wikiart/Mannerism_Late_Renaissance/giorgio-vasari_lorenzo-the-magnificent.jpg,Mannerism Late Renaissance,14
/Users/hp/wikiart/Symbolism/nicholas-roerich_himalayas-49.jpg,Symbolism,25
/Users/hp/wikiart/Fauvism/fikret-mualla-saygi_unknown-title-16.jpg,Fauvism,11
/Users/hp/wikiart/New_Realism/george-luks_spring-morning-houston-and-division-streets-new-york-1922.jpg,New Realism,17
/Users/hp/wikiart/Naive_Art_Primitivism/kateryna-bilokur_wheat-flowers-grapes-1954.jpg,Naive Art Primitivism,16
/Users/hp/wikiart/New_Realism/john-french-sloan_the-new-blue-dress-1913.jpg,New Realism,17
/Users/hp/wikiart/Impressionism/pierre-auguste-renoir_arum-and-conservatory-plants-1864.jpg,Impressionism,13
/Users/hp/wikiart/Art_Nouveau_Modern/a.y.-jackson_valley-of-the-gouffre-river-1933.jpg,Art Nouveau Modern,4
/Users/hp/wikiart/Analytical_Cubism/albert-gleizes_acrobats-1916.jpg,Analytical Cubism,3
/Users/hp/wikiart/Naive_Art_Primitivism/kateryna-bilokur_portrait-of-olya-bilokur-1928.jpg,Naive Art Primitivism,16
/Users/hp/wikiart/Action_painting/franz-kline_cardinal-1950.jpg,Action painting,2
/Users/hp/wikiart/Realism/gustave-courbet_chateau-de-chillon-1873.jpg,Realism,22
/Users/hp/wikiart/Pop_Art/peter-blake_portrait-of-david-hockney-in-a-hollywood-spanish-interior-1965.jpg,Pop Art,20
/Users/hp/wikiart/Fauvism/hans-hofmann_landscape-1935.jpg,Fauvism,11
/Users/hp/wikiart/Pointillism/georges-seurat_harbour-at-port-en-bessin-at-high-tide-1888.jpg,Pointillism,19
/Users/hp/wikiart/Expressionism/martiros-saryan_seller-of-lemonade-1910.jpg,Expressionism,10
/Users/hp/wikiart/Art_Nouveau_Modern/koloman-moser_three-crouching-women.jpg,Art Nouveau Modern,4
/Users/hp/wikiart/Baroque/rembrandt_a-young-man-at-a-table-possibly-govaert-flinck-1660.jpg,Baroque,5
/Users/hp/wikiart/Contemporary_Realism/jamie-wyeth_orca-1990.jpg,Contemporary Realism,7
/Users/hp/wikiart/Pop_Art/evelyne-axell_paysage-landscape-1971.jpg,Pop Art,20
/Users/hp/wikiart/Impressionism/pierre-auguste-renoir_seated-bather-1912.jpg,Impressionism,13
/Users/hp/wikiart/Contemporary_Realism/jamie-wyeth_island-church-1969.jpg,Contemporary Realism,7
/Users/hp/wikiart/Action_painting/jackson-pollock_number-17-1949.jpg,Action painting,2
/Users/hp/wikiart/Northern_Renaissance/pieter-bruegel-the-elder_crafty-bird-catcher-1556.jpg,Northern Renaissance,18
/Users/hp/wikiart/Naive_Art_Primitivism/marc-chagall_a-blue-painter-1980.jpg,Naive Art Primitivism,16
/Users/hp/wikiart/Post_Impressionism/vincent-van-gogh_self-portrait-1887-5.jpg,Post Impressionism,21
/Users/hp/wikiart/Rococo/dmitry-levitzky_ivan-bilibin.jpg,Rococo,23
/Users/hp/wikiart/Post_Impressionism/salvador-dali_bouquet-l-important-c-est-la-rose.jpg,Post Impressionism,21
/Users/hp/wikiart/Symbolism/odilon-redon_head-of-a-young-woman-in-profile.jpg,Symbolism,25
/Users/hp/wikiart/Minimalism/dan-flavin_untitled-to-jan-and-ron-greenberg-1973.jpg,Minimalism,15
/Users/hp/wikiart/Symbolism/konstantin-somov_lady-by-the-pool.jpg,Symbolism,25
/Users/hp/wikiart/Contemporary_Realism/neil-welliver_cascade.jpg,Contemporary Realism,7
/Users/hp/wikiart/Rococo/maurice-quentin-de-la-tour_louis-of-france-dauphin-son-of-louis-xv.jpg,Rococo,23
/Users/hp/wikiart/Cubism/pablo-picasso_composition-with-skull-study.jpg,Cubism,8
/Users/hp/wikiart/Baroque/adriaen-van-de-velde_bull-1659.jpg,Baroque,5
/Users/hp/wikiart/Rococo/joshua-reynolds_thomas-conolly-1764.jpg,Rococo,23
/Users/hp/wikiart/Synthetic_Cubism/jury-annenkov_music-1922.jpg,Synthetic Cubism,26
/Users/hp/wikiart/Contemporary_Realism/neil-welliver_study-for-blue-ducktrap.jpg,Contemporary Realism,7
/Users/hp/wikiart/Romanticism/gustave-dore_battle-of-lepanto-in-1571-1877.jpg,Romanticism,24
/Users/hp/wikiart/Ukiyo_e/katsushika-hokusai_street-scenes-newly-pubished-10.jpg,Ukiyo e,27
/Users/hp/wikiart/Baroque/gerrit-dou_self-portrait-1635.jpg,Baroque,5
/Users/hp/wikiart/Rococo/joshua-reynolds_lady-elizabeth-foster.jpg,Rococo,23
/Users/hp/wikiart/Pointillism/theo-van-rysselberghe_woman-at-her-toilette-1905.jpg,Pointillism,19
/Users/hp/wikiart/Action_painting/jackson-pollock_number-25(1).jpg,Action painting,2
/Users/hp/wikiart/Action_painting/franz-kline_chief-1950.jpg,Action painting,2
/Users/hp/wikiart/Mannerism_Late_Renaissance/lavinia-fontana_consecration-to-the-virgin.jpg,Mannerism Late Renaissance,14
/Users/hp/wikiart/Abstract_Expressionism/rufino-tamayo_retrato-de-ni-os-pareja-de-ni-os-1966.jpg,Abstract Expressionism,1
/Users/hp/wikiart/Pop_Art/roy-lichtenstein_the-grip-1962.jpg,Pop Art,20
/Users/hp/wikiart/Early_Renaissance/sandro-botticelli_baptism-of-st-zenobius-and-his-appointment-as-bishop-1505(1).jpg,Early Renaissance,9
/Users/hp/wikiart/Early_Renaissance/sandro-botticelli_the-annunciation-predella-panel-from-the-altarpiece-of-st-mark-1490(1).jpg,Early Renaissance,9
/Users/hp/wikiart/Post_Impressionism/henri-de-toulouse-lautrec_brothel-on-the-rue-des-moulins-rolande-1894.jpg,Post Impressionism,21
/Users/hp/wikiart/Northern_Renaissance/jean-fouquet_banquet-given-by-charles-v-1338-80-in-hhonour-of-his-uncle-emperor-charles-iv-1316-78-in-1378-1460.jpg,Northern Renaissance,18
/Users/hp/wikiart/Northern_Renaissance/lucas-cranach-the-elder_salome-with-the-head-of-st-john-the-baptist.jpg,Northern Renaissance,18
/Users/hp/wikiart/Action_painting/jackson-pollock_number-1-lavender-mist(1).jpg,Action painting,2
/Users/hp/wikiart/Action_painting/jackson-pollock_number-8-detail(1).jpg,Action painting,2
/Users/hp/wikiart/Mannerism_Late_Renaissance/agnolo-bronzino_portrait-of-eleonora-da-toledo.jpg,Mannerism Late Renaissance,14
/Users/hp/wikiart/Action_painting/franz-kline_figure-eight-1952.jpg,Action painting,2
/Users/hp/wikiart/Expressionism/helene-schjerfbeck_forty-year-old-1939.jpg,Expressionism,10
/Users/hp/wikiart/New_Realism/edward-hopper_lighthouse-at-two-lights-1929.jpg,New Realism,17
/Users/hp/wikiart/Pointillism/camille-pissarro_sunset-bazincourt-steeple-1.jpg,Pointillism,19
/Users/hp/wikiart/Early_Renaissance/antonello-da-messina_portrait-of-a-man-1470-1.jpg,Early Renaissance,9
/Users/hp/wikiart/Impressionism/childe-hassam_the-hawk-s-nest.jpg,Impressionism,13
/Users/hp/wikiart/Minimalism/yves-klein_untitled-red-monochrome-1956.jpg,Minimalism,15
/Users/hp/wikiart/Realism/ivan-shishkin_forest-1893.jpg,Realism,22
/Users/hp/wikiart/Early_Renaissance/paolo-uccello_standing-man.jpg,Early Renaissance,9
/Users/hp/wikiart/Romanticism/thomas-cole_study-for-the-pilgrim-of-the-cross-at-the-end-of-his-journey.jpg,Romanticism,24
/Users/hp/wikiart/Naive_Art_Primitivism/marc-chagall_the-hebrews-adore-the-golden-calf-exodus-xxxii-7-10.jpg,Naive Art Primitivism,16
/Users/hp/wikiart/New_Realism/edward-hopper_carolina-morning.jpg,New Realism,17
/Users/hp/wikiart/Analytical_Cubism/pablo-picasso_female-nude.jpg,Analytical Cubism,3
/Users/hp/wikiart/Impressionism/konstantin-korovin_the-moskva-river-bridge-1914.jpg,Impressionism,13
/Users/hp/wikiart/Mannerism_Late_Renaissance/lavinia-fontana_newborn-baby-in-a-crib-1583.jpg,Mannerism Late Renaissance,14
/Users/hp/wikiart/Naive_Art_Primitivism/walasse-ting_blue-cat-1981.jpg,Naive Art Primitivism,16
/Users/hp/wikiart/Action_painting/franz-kline_horizontal-rust-1960.jpg,Action painting,2
/Users/hp/wikiart/Color_Field_Painting/ad-reinhardt_untitled-6-1966.jpg,Color Field Painting,6
/Users/hp/wikiart/Pop_Art/burhan-dogancay_istanbul-1990.jpg,Pop Art,20
/Users/hp/wikiart/Baroque/annibale-carracci_venus-adonis-and-cupid-1590.jpg,Baroque,5
/Users/hp/wikiart/Baroque/jan-steen_samson-and-delilah-1670.jpg,Baroque,5
/Users/hp/wikiart/Analytical_Cubism/pablo-picasso_woman-with-guitar.jpg,Analytical Cubism,3
/Users/hp/wikiart/Synthetic_Cubism/juan-gris_strawberry-jam-1917.jpg,Synthetic Cubism,26
/Users/hp/wikiart/Cubism/yiannis-tsaroychis_drawing-1926.jpg,Cubism,8
/Users/hp/wikiart/Analytical_Cubism/pablo-picasso_clarinetist.jpg,Analytical Cubism,3
/Users/hp/wikiart/Rococo/giovanni-battista-tiepolo_finding-of-moses.jpg,Rococo,23
/Users/hp/wikiart/Color_Field_Painting/barnett-newman_canto-iv-1963.jpg,Color Field Painting,6
/Users/hp/wikiart/Synthetic_Cubism/georges-braque_violin-and-glass.jpg,Synthetic Cubism,26
/Users/hp/wikiart/Abstract_Expressionism/lee-krasner_mysteries-1972.jpg,Abstract Expressionism,1
/Users/hp/wikiart/Early_Renaissance/giovanni-bellini_madonna-with-child-1.jpg,Early Renaissance,9
/Users/hp/wikiart/Color_Field_Painting/anne-appleby_requiem-for-a-ponderosa-pine-2010.jpg,Color Field Painting,6
/Users/hp/wikiart/High_Renaissance/titian_mary-with-the-child-and-saints.jpg,High Renaissance,12
/Users/hp/wikiart/Cubism/pablo-picasso_two-seated-women-1958.jpg,Cubism,8
/Users/hp/wikiart/Naive_Art_Primitivism/boris-kustodiev_russia-russian-type-by-b-kustodiev-1923.jpg,Naive Art Primitivism,16
/Users/hp/wikiart/Realism/vasily-vereshchagin_radzhnagar-marble-adorned-with-bas-reliefs-quay-on-the-lake-in-udaipur-1874.jpg,Realism,22
/Users/hp/wikiart/High_Renaissance/pietro-perugino_madonna-with-saints-adoring-the-child.jpg,High Renaissance,12
/Users/hp/wikiart/Expressionism/martiros-saryan_willow-tree-and-herd-1925.jpg,Expressionism,10
/Users/hp/wikiart/Symbolism/nicholas-roerich_star-of-the-hero-1932.jpg,Symbolism,25
/Users/hp/wikiart/Analytical_Cubism/pablo-picasso_a-glass-1911.jpg,Analytical Cubism,3
/Users/hp/wikiart/Fauvism/milton-avery_two-figures-at-desk-1944.jpg,Fauvism,11
/Users/hp/wikiart/Symbolism/konstantin-somov_in-the-park-of-versailles.jpg,Symbolism,25
/Users/hp/wikiart/Fauvism/george-mavroides_the-green-with-erica-1970.jpg,Fauvism,11
/Users/hp/wikiart/Art_Nouveau_Modern/pavel-filonov_a-family-portrait-1924.jpg,Art Nouveau Modern,4
/Users/hp/wikiart/Ukiyo_e/utagawa-kuniyoshi_for-cats-in-different-poses.jpg,Ukiyo e,27
/Users/hp/wikiart/Naive_Art_Primitivism/marc-chagall_drawing-in-rose-1959.jpg,Naive Art Primitivism,16
/Users/hp/wikiart/Realism/vasily-surikov_head-of-cossack-1879.jpg,Realism,22
/Users/hp/wikiart/Rococo/joshua-reynolds_catherine-lady-chambers.jpg,Rococo,23
/Users/hp/wikiart/Minimalism/agnes-martin_untitled-1980.jpg,Minimalism,15
/Users/hp/wikiart/Ukiyo_e/keisai-eisen_rambunctious-1840(1).jpg,Ukiyo e,27
/Users/hp/wikiart/Abstract_Expressionism/jay-defeo_untitled-1957.jpg,Abstract Expressionism,1
/Users/hp/wikiart/Minimalism/richard-tuttle_20-pearls-2-2003.jpg,Minimalism,15
/Users/hp/wikiart/Mannerism_Late_Renaissance/jacopo-pontormo_study-for-the-deluge-1.jpg,Mannerism Late Renaissance,14
/Users/hp/wikiart/Post_Impressionism/moise-kisling_self-portrait-with-a-pipe.jpg,Post Impressionism,21
/Users/hp/wikiart/Cubism/yiannis-tsaroychis_landscape-of-olympia-1934.jpg,Cubism,8
/Users/hp/wikiart/Contemporary_Realism/john-miller_late-summer-landscape.jpg,Contemporary Realism,7
/Users/hp/wikiart/Northern_Renaissance/hans-baldung_adam-and-eve-1524.jpg,Northern Renaissance,18
/Users/hp/wikiart/Post_Impressionism/vincent-van-gogh_the-banks-of-the-seine-with-boats-1887.jpg,Post Impressionism,21
/Users/hp/wikiart/Ukiyo_e/hiroshige_kameyama.jpg,Ukiyo e,27
/Users/hp/wikiart/Color_Field_Painting/jack-bush_attacca-1975.jpg,Color Field Painting,6
/Users/hp/wikiart/Realism/eugene-boudin_le-havre-the-town-hotel-and-the-francois-i-tower-1859.jpg,Realism,22
/Users/hp/wikiart/Cubism/amadeo-de-souza-cardoso_a-mongol.jpg,Cubism,8
/Users/hp/wikiart/Pop_Art/patrick-procktor_back-bay-in-bombay-from-the-india-mother-suite-of-7-aquatints-1970.jpg,Pop Art,20
/Users/hp/wikiart/Symbolism/mikalojus-ciurlionis_lightning-1909.jpg,Symbolism,25
/Users/hp/wikiart/Analytical_Cubism/juan-gris_portrait-of-the-artist-s-mother-1912.jpg,Analytical Cubism,3
/Users/hp/wikiart/Fauvism/ilya-mashkov_portrait-of-v-p-vinogradova-1909.jpg,Fauvism,11
/Users/hp/wikiart/Symbolism/odilon-redon_devil-take-a-head-in-the-air-1876.jpg,Symbolism,25
/Users/hp/wikiart/New_Realism/edward-hopper_sunlights-in-cafeteria.jpg,New Realism,17
/Users/hp/wikiart/Pointillism/paul-signac_the-railway-at-bois-colombes-1886.jpg,Pointillism,19
/Users/hp/wikiart/Synthetic_Cubism/juan-gris_the-bottle-of-banyuls-1914.jpg,Synthetic Cubism,26
/Users/hp/wikiart/Early_Renaissance/piero-della-francesca_polyptych-of-the-misericordia-1462(1).jpg,Early Renaissance,9
/Users/hp/wikiart/Fauvism/auguste-herbin_le-massif-du-canigou-1923.jpg,Fauvism,11
/Users/hp/wikiart/Pointillism/henri-matisse_still-life-10.jpg,Pointillism,19
/Users/hp/wikiart/Baroque/peter-paul-rubens_the-raising-of-the-cross-1621.jpg,Baroque,5
/Users/hp/wikiart/Northern_Renaissance/albrecht-durer_madonna-crowned-by-two-angels-1518.jpg,Northern Renaissance,18
/Users/hp/wikiart/Baroque/adriaen-van-ostade_lawyer-in-his-study.jpg,Baroque,5
/Users/hp/wikiart/Romanticism/vasily-tropinin_not_detected_241177.jpg,Romanticism,24
/Users/hp/wikiart/Baroque/rembrandt_studio-scenne-with-sitters-1650.jpg,Baroque,5
/Users/hp/wikiart/Action_painting/henri-michaux_untitled-1979.jpg,Action painting,2
/Users/hp/wikiart/Analytical_Cubism/juan-gris_man-in-the-cafe-1912.jpg,Analytical Cubism,3
/Users/hp/wikiart/Ukiyo_e/utagawa-kunisada_not_detected_240359.jpg,Ukiyo e,27
/Users/hp/wikiart/Mannerism_Late_Renaissance/agnolo-bronzino_moses-strikes-water-from-the-wall-rocks.jpg,Mannerism Late Renaissance,14
/Users/hp/wikiart/Ukiyo_e/utagawa-kuniyoshi_tomimori-sukeemon-masakat-dodging-a-brazier.jpg,Ukiyo e,27
/Users/hp/wikiart/Northern_Renaissance/albrecht-durer_st-jerome-penitent-in-the-wilderness.jpg,Northern Renaissance,18
/Users/hp/wikiart/Minimalism/fred-sandback_untitled-1986.jpg,Minimalism,15
/Users/hp/wikiart/Analytical_Cubism/pablo-picasso_my-beautiful-woman-with-guitar-1912.jpg,Analytical Cubism,3
/Users/hp/wikiart/Pop_Art/patrick-procktor_mount-abu-rowli-mountains-rajastan-from-the-india-mother-suite-of-7-aquatints-1970.jpg,Pop Art,20
/Users/hp/wikiart/Early_Renaissance/filippo-lippi_the-birth-and-infancy-of-st-stephen-detail.jpg,Early Renaissance,9
/Users/hp/wikiart/New_Realism/george-luks_hobo-musician.jpg,New Realism,17
/Users/hp/wikiart/Fauvism/walasse-ting_orange-and-yellow-sunflowers.jpg,Fauvism,11
/Users/hp/wikiart/Realism/camille-corot_lonesome-valley-1874.jpg,Realism,22
/Users/hp/wikiart/Fauvism/mary-fedden_jug-and-four-eggs-1967.jpg,Fauvism,11
/Users/hp/wikiart/Northern_Renaissance/hieronymus-bosch_the-garden-of-earthly-delights-1515-8.jpg,Northern Renaissance,18
/Users/hp/wikiart/Contemporary_Realism/neil-welliver_untitled-two-figures-with-lilies.jpg,Contemporary Realism,7
/Users/hp/wikiart/Cubism/patrick-caulfield_les-demoiselles-d-avignon-vues-de-derri-re-1999.jpg,Cubism,8
/Users/hp/wikiart/Abstract_Expressionism/bradley-walker-tomlin_number-7-1953.jpg,Abstract Expressionism,1
/Users/hp/wikiart/Cubism/arshile-gorky_the-raven-composition-no-3.jpg,Cubism,8
/Users/hp/wikiart/Synthetic_Cubism/juan-gris_guitar-and-pipe-1913.jpg,Synthetic Cubism,26
/Users/hp/wikiart/Expressionism/wassily-kandinsky_horses-1909.jpg,Expressionism,10
/Users/hp/wikiart/Romanticism/gustave-dore_the-courage-of-a-mother.jpg,Romanticism,24
/Users/hp/wikiart/Pop_Art/roy-lichtenstein_girl-at-piano-1963(1).jpg,Pop Art,20
/Users/hp/wikiart/Pop_Art/andy-warhol_after-the-party.jpg,Pop Art,20
/Users/hp/wikiart/Pop_Art/robert-indiana_ahava-1977.jpg,Pop Art,20
/Users/hp/wikiart/Naive_Art_Primitivism/yiannis-tsaroychis_military-policeman-arresting-the-spirit-1965.jpg,Naive Art Primitivism,16
/Users/hp/wikiart/Art_Nouveau_Modern/gustav-klimt_houses-at-unterach-on-the-attersee.jpg,Art Nouveau Modern,4
/Users/hp/wikiart/Expressionism/frantisek-kupka_procession-1905.jpg,Expressionism,10
/Users/hp/wikiart/Analytical_Cubism/georges-braque_still-life-with-a-bunch-of-grapes-1912.jpg,Analytical Cubism,3
/Users/hp/wikiart/Symbolism/nicholas-roerich_mountany-landscape-1925.jpg,Symbolism,25
/Users/hp/wikiart/Fauvism/walasse-ting_love-in-afternoon-1974.jpg,Fauvism,11
/Users/hp/wikiart/Minimalism/anne-truitt_parva-xxviib-1993.jpg,Minimalism,15
/Users/hp/wikiart/Action_painting/walasse-ting_venus-1980.jpg,Action painting,2
/Users/hp/wikiart/Ukiyo_e/utagawa-kuniyoshi_half-legth-portrait-of-goshaku-somegoro.jpg,Ukiyo e,27
/Users/hp/wikiart/Art_Nouveau_Modern/aubrey-beardsley_lucians-strange-creatures.jpg,Art Nouveau Modern,4
/Users/hp/wikiart/Post_Impressionism/kuzma-petrov-vodkin_type-the-cluny-museum-in-paris-1908.jpg,Post Impressionism,21
/Users/hp/wikiart/Early_Renaissance/domenico-ghirlandaio_renunciation-of-worldly-goods-1485.jpg,Early Renaissance,9
/Users/hp/wikiart/Color_Field_Painting/theodoros-stamos_infinity-field-lefkada-series-1982.jpg,Color Field Painting,6
/Users/hp/wikiart/Action_painting/jackson-pollock_galaxy-1947.jpg,Action painting,2
/Users/hp/wikiart/Analytical_Cubism/georges-braque_harbor-in-normandy-1909.jpg,Analytical Cubism,3
/Users/hp/wikiart/Contemporary_Realism/dimitris-mytaras_portrait-of-the-officer-george-alexander-a-mangaki-1982.jpg,Contemporary Realism,7
/Users/hp/wikiart/Ukiyo_e/hiroshige_seba.jpg,Ukiyo e,27
/Users/hp/wikiart/Contemporary_Realism/neil-welliver_cold-claudia-1969.jpg,Contemporary Realism,7
/Users/hp/wikiart/Ukiyo_e/utagawa-kuniyoshi_a-seated-woman-sewing-a-kimono.jpg,Ukiyo e,27
/Users/hp/wikiart/Pop_Art/andy-warhol_spam.jpg,Pop Art,20
/Users/hp/wikiart/Expressionism/nicolae-tonitza_after-war.jpg,Expressionism,10
/Users/hp/wikiart/Pop_Art/jorge-martins_eros-crom-tico-1973.jpg,Pop Art,20
/Users/hp/wikiart/Cubism/alekos-kontopoulos_enangalismos.jpg,Cubism,8
/Users/hp/wikiart/Expressionism/alexander-calder_the-acrobats-1944.jpg,Expressionism,10
/Users/hp/wikiart/Synthetic_Cubism/juan-gris_compotier-carafe-and-open-book.jpg,Synthetic Cubism,26
/Users/hp/wikiart/Contemporary_Realism/jamie-wyeth_black-spruce-1994.jpg,Contemporary Realism,7
/Users/hp/wikiart/Early_Renaissance/leonardo-da-vinci_self-portrait-leonardo-discovered-a-2009-in-leonardo-s-codex-on-the-flight-of-birds.jpg,Early Renaissance,9
/Users/hp/wikiart/Art_Nouveau_Modern/henri-de-toulouse-lautrec_at-the-moulin-rouge-la-goulue-with-her-sister-1892.jpg,Art Nouveau Modern,4
/Users/hp/wikiart/Abstract_Expressionism/milton-resnick_untitled-1960.jpg,Abstract Expressionism,1
/Users/hp/wikiart/Fauvism/ilya-mashkov_nude-1915.jpg,Fauvism,11
/Users/hp/wikiart/Art_Nouveau_Modern/michel-simonidy_winter-perfume-1902.jpg,Art Nouveau Modern,4
/Users/hp/wikiart/New_Realism/edward-hopper_adobes-and-shed-new-mexico.jpg,New Realism,17
/Users/hp/wikiart/Pop_Art/howard-finster_florence-nightingale.jpg,Pop Art,20
/Users/hp/wikiart/Art_Nouveau_Modern/jacek-malczewski_portrait-of-wladyslaw-reymont.jpg,Art Nouveau Modern,4
/Users/hp/wikiart/Northern_Renaissance/robert-campin_virgin-and-child-in-an-interior.jpg,Northern Renaissance,18
/Users/hp/wikiart/Mannerism_Late_Renaissance/tintoretto_francesco-ii-gonzaga-against-charles-viii-of-france-1495-in-fighting-the-battle-of-the-taro-1580.jpg,Mannerism Late Renaissance,14
/Users/hp/wikiart/Art_Nouveau_Modern/nicholas-roerich_tower-chamber-of-yaroslavna-1914.jpg,Art Nouveau Modern,4
/Users/hp/wikiart/Fauvism/pyotr-konchalovsky_scheherazade-1917.jpg,Fauvism,11
/Users/hp/wikiart/Realism/boris-kustodiev_on-the-bridge-the-wife-and-daughter-of-the-artist-1917.jpg,Realism,22
/Users/hp/wikiart/Pop_Art/andy-warhol_mobil.jpg,Pop Art,20
/Users/hp/wikiart/Expressionism/george-segal_helen-in-wicker-rocker-1978.jpg,Expressionism,10
/Users/hp/wikiart/Action_painting/jackson-pollock_number-32-1950.jpg,Action painting,2
/Users/hp/wikiart/Ukiyo_e/hiroshige_komokata-hall-and-azuma-bridge-1857.jpg,Ukiyo e,27
/Users/hp/wikiart/High_Renaissance/michelangelo_crouching-boy-1533.jpg,High Renaissance,12
/Users/hp/wikiart/Pop_Art/eduardo-paolozzi_it-s-a-psychological-fact-pleasure-helps-your-disposition-1948.jpg,Pop Art,20
/Users/hp/wikiart/Mannerism_Late_Renaissance/titian_venus-and-adonis-1554.jpg,Mannerism Late Renaissance,14
/Users/hp/wikiart/Baroque/adriaen-van-ostade_a-fight-1.jpg,Baroque,5
/Users/hp/wikiart/Minimalism/david-batchelor_i-love-king-s-cross-and-king-s-cross-loves-me-8-2007.jpg,Minimalism,15
/Users/hp/wikiart/Baroque/gerrit-dou_the-hermit-1670.jpg,Baroque,5
/Users/hp/wikiart/Art_Nouveau_Modern/nicholas-roerich_yaroslavl-saint-basil-church-1903.jpg,Art Nouveau Modern,4
/Users/hp/wikiart/Analytical_Cubism/pablo-picasso_man-with-guitar-1912.jpg,Analytical Cubism,3
/Users/hp/wikiart/Pop_Art/hiro-yamagata_not-detected-272424.jpg,Pop Art,20
/Users/hp/wikiart/Pointillism/henri-edmond-cross_portrait-of-madame-cross.jpg,Pointillism,19
/Users/hp/wikiart/Symbolism/pierre-puvis-de-chavannes_study-for-four-figures-in-rest.jpg,Symbolism,25
/Users/hp/wikiart/Art_Nouveau_Modern/ferdinand-hodler_transfiguration.jpg,Art Nouveau Modern,4
/Users/hp/wikiart/Abstract_Expressionism/sam-francis_light-in-itself-1979.jpg,Abstract Expressionism,1
/Users/hp/wikiart/Mannerism_Late_Renaissance/cristovao-de-figueiredo_cristo-deposto-da-cruz-1530.jpg,Mannerism Late Renaissance,14
/Users/hp/wikiart/Analytical_Cubism/pablo-picasso_still-life-with-the-caned-chair-1912.jpg,Analytical Cubism,3
/Users/hp/wikiart/Abstract_Expressionism/willem-de-kooning_landscape-at-stanton-street.jpg,Abstract Expressionism,1
/Users/hp/wikiart/High_Renaissance/luca-signorelli_ovid-1502.jpg,High Renaissance,12
/Users/hp/wikiart/Synthetic_Cubism/juan-gris_the-coffee-grinder-1916.jpg,Synthetic Cubism,26
/Users/hp/wikiart/Rococo/thomas-gainsborough_an-unknown-couple-in-a-landscape.jpg,Rococo,23
/Users/hp/wikiart/Ukiyo_e/utagawa-kuniyoshi_scrbbling-on-the-storehouse-wall.jpg,Ukiyo e,27
/Users/hp/wikiart/Expressionism/georges-braque_the-studio-v-1949.jpg,Expressionism,10
